<?xml version="1.0" encoding="windows-1252"?>
<!--  This file conforms to the DTD xdc/bld/build.dtd -->
<package name="ti.dsplib" version="2, 0, 1, 0" producerId="undefined">
    <units>
        <module name="Version"/>
    </units>
    <sources>
    </sources>
    <configscripts>
    </configscripts>
    <makefiles>
        <srcFile name="package.mak" src="package.bld"/>
        <srcFile name="package/package.xdc.dep" src="package.xdc"/>
        <srcFile name="package/package.cfg.dep" src="package.xdc"/>
        <srcFile name="package/rel/ti_dsplib_src_c66x_3_4_0_0.zip.dep" src="package/rel/ti_dsplib_src_c66x_3_4_0_0.xdc.inc"/>
    </makefiles>
    <targets>
    </targets>
    <libraries>
    </libraries>
    <configurations>
    </configurations>
    <executables>
    </executables>
    <tests>
    </tests>
    <releases relDir="package/rel/">
    <release name="ti_dsplib_src_c66x_3_4_0_0"
        pname="ti_dsplib_src_c66x_3_4_0_0.zip"
        label="default"
    >
        <file name="package/package.bld.xml"/>
        <file name="package/build.cfg"/>
        <file name="makefile"/>
        <file name="lib"/>
        <file name="lib/dsplib.a66.mk"/>
        <file name="./src/DSPF_dp_cholesky//c66/DSPF_dp_cholesky.c"/>
        <file name="./src/DSPF_dp_cholesky_cmplx//c66/DSPF_dp_cholesky_cmplx.c"/>
        <file name="./src/DSPF_dp_fftDPxDP//c66/DSPF_dp_fftDPxDP.c"/>
        <file name="./src/DSPF_dp_ifftDPxDP//c66/DSPF_dp_ifftDPxDP.c"/>
        <file name="./src/DSPF_dp_lud//c66/DSPF_dp_lud.c"/>
        <file name="./src/DSPF_dp_lud_cmplx//c66/DSPF_dp_lud_cmplx.c"/>
        <file name="./src/DSPF_dp_lud_inv//c66/DSPF_dp_lud_inv.c"/>
        <file name="./src/DSPF_dp_lud_inv_cmplx//c66/DSPF_dp_lud_inv_cmplx.c"/>
        <file name="./src/DSPF_dp_lud_sol//c66/DSPF_dp_lud_sol.c"/>
        <file name="./src/DSPF_dp_lud_sol_cmplx//c66/DSPF_dp_lud_sol_cmplx.c"/>
        <file name="./src/DSPF_dp_mat_mul_gemm//c66/DSPF_dp_mat_mul_gemm.c"/>
        <file name="./src/DSPF_dp_mat_submat_copy//c66/DSPF_dp_mat_submat_copy.c"/>
        <file name="./src/DSPF_dp_mat_trans//c66/DSPF_dp_mat_trans.c"/>
        <file name="./src/DSPF_dp_qrd//c66/DSPF_dp_qrd.c"/>
        <file name="./src/DSPF_dp_qrd_cmplx//c66/DSPF_dp_qrd_cmplx.c"/>
        <file name="./src/DSPF_dp_svd//c66/DSPF_dp_svd.c"/>
        <file name="./src/DSPF_dp_svd_cmplx//c66/DSPF_dp_svd_cmplx.c"/>
        <file name="./src/DSPF_sp_autocor//c66/DSPF_sp_autocor.c"/>
        <file name="./src/DSPF_sp_biquad//c66/DSPF_sp_biquad.c"/>
        <file name="./src/DSPF_sp_bitrev_cplx//c66/DSPF_sp_bitrev_cplx.c"/>
        <file name="./src/DSPF_sp_cholesky//c66/DSPF_sp_cholesky.c"/>
        <file name="./src/DSPF_sp_cholesky_cmplx//c66/DSPF_sp_cholesky_cmplx.c"/>
        <file name="./src/DSPF_sp_convol//c66/DSPF_sp_convol.c"/>
        <file name="./src/DSPF_sp_dotprod//c66/DSPF_sp_dotprod.c"/>
        <file name="./src/DSPF_sp_dotp_cplx//c66/DSPF_sp_dotp_cplx.c"/>
        <file name="./src/DSPF_sp_erand//c66/DSPF_sp_erand.c"/>
        <file name="./src/DSPF_sp_fftSPxSP_r2c//c66/DSPF_sp_fftSPxSP_r2c.c"/>
        <file name="./src/DSPF_sp_fircirc//c66/DSPF_sp_fircirc.c"/>
        <file name="./src/DSPF_sp_fir_cplx//c66/DSPF_sp_fir_cplx.c"/>
        <file name="./src/DSPF_sp_fir_gen//c66/DSPF_sp_fir_gen.c"/>
        <file name="./src/DSPF_sp_fir_r2//c66/DSPF_sp_fir_r2.c"/>
        <file name="./src/DSPF_sp_ifftSPxSP_c2r//c66/DSPF_sp_ifftSPxSP_c2r.c"/>
        <file name="./src/DSPF_sp_iir//c66/DSPF_sp_iir.c"/>
        <file name="./src/DSPF_sp_iirlat//c66/DSPF_sp_iirlat.c"/>
        <file name="./src/DSPF_sp_lms//c66/DSPF_sp_lms.c"/>
        <file name="./src/DSPF_sp_lud//c66/DSPF_sp_lud.c"/>
        <file name="./src/DSPF_sp_lud_cmplx//c66/DSPF_sp_lud_cmplx.c"/>
        <file name="./src/DSPF_sp_lud_inv//c66/DSPF_sp_lud_inv.c"/>
        <file name="./src/DSPF_sp_lud_inv_cmplx//c66/DSPF_sp_lud_inv_cmplx.c"/>
        <file name="./src/DSPF_sp_lud_sol//c66/DSPF_sp_lud_sol.c"/>
        <file name="./src/DSPF_sp_lud_sol_cmplx//c66/DSPF_sp_lud_sol_cmplx.c"/>
        <file name="./src/DSPF_sp_mat_mul//c66/DSPF_sp_mat_mul.c"/>
        <file name="./src/DSPF_sp_mat_mul_cplx//c66/DSPF_sp_mat_mul_cplx.c"/>
        <file name="./src/DSPF_sp_mat_mul_gemm//c66/DSPF_sp_mat_mul_gemm.c"/>
        <file name="./src/DSPF_sp_mat_mul_gemm_cplx//c66/DSPF_sp_mat_mul_gemm_cplx.c"/>
        <file name="./src/DSPF_sp_mat_submat_copy//c66/DSPF_sp_mat_submat_copy.c"/>
        <file name="./src/DSPF_sp_mat_submat_copy_cplx//c66/DSPF_sp_mat_submat_copy_cplx.c"/>
        <file name="./src/DSPF_sp_mat_trans//c66/DSPF_sp_mat_trans.c"/>
        <file name="./src/DSPF_sp_mat_trans_cplx//c66/DSPF_sp_mat_trans_cplx.c"/>
        <file name="./src/DSPF_sp_maxidx//c66/DSPF_sp_maxidx.c"/>
        <file name="./src/DSPF_sp_maxval//c66/DSPF_sp_maxval.c"/>
        <file name="./src/DSPF_sp_minerr//c66/DSPF_sp_minerr.c"/>
        <file name="./src/DSPF_sp_minval//c66/DSPF_sp_minval.c"/>
        <file name="./src/DSPF_sp_nrand//c66/DSPF_sp_nrand.c"/>
        <file name="./src/DSPF_sp_qrd//c66/DSPF_sp_qrd.c"/>
        <file name="./src/DSPF_sp_qrd_cmplx//c66/DSPF_sp_qrd_cmplx.c"/>
        <file name="./src/DSPF_sp_svd//c66/DSPF_sp_svd.c"/>
        <file name="./src/DSPF_sp_svd_cmplx//c66/DSPF_sp_svd_cmplx.c"/>
        <file name="./src/DSPF_sp_urand//c66/DSPF_sp_urand.c"/>
        <file name="./src/DSPF_sp_vecadd//c66/DSPF_sp_vecadd.c"/>
        <file name="./src/DSPF_sp_vecmul//c66/DSPF_sp_vecmul.c"/>
        <file name="./src/DSPF_sp_vecrecip//c66/DSPF_sp_vecrecip.c"/>
        <file name="./src/DSPF_sp_vecsum_sq//c66/DSPF_sp_vecsum_sq.c"/>
        <file name="./src/DSPF_sp_w_vec//c66/DSPF_sp_w_vec.c"/>
        <file name="./src/DSP_add16//c66/DSP_add16.c"/>
        <file name="./src/DSP_add32//c66/DSP_add32.c"/>
        <file name="./src/DSP_autocor//c66/DSP_autocor.c"/>
        <file name="./src/DSP_bexp//c66/DSP_bexp.c"/>
        <file name="./src/DSP_blk_eswap16//c66/DSP_blk_eswap16.c"/>
        <file name="./src/DSP_blk_eswap32//c66/DSP_blk_eswap32.c"/>
        <file name="./src/DSP_blk_eswap64//c66/DSP_blk_eswap64.c"/>
        <file name="./src/DSP_blk_move//c66/DSP_blk_move.c"/>
        <file name="./src/DSP_dotprod//c66/DSP_dotprod.c"/>
        <file name="./src/DSP_dotp_sqr//c66/DSP_dotp_sqr.c"/>
        <file name="./src/DSP_fft16x16//c66/DSP_fft16x16.c"/>
        <file name="./src/DSP_fft16x16r//c66/DSP_fft16x16r.c"/>
        <file name="./src/DSP_fft16x16_imre//c66/DSP_fft16x16_imre.c"/>
        <file name="./src/DSP_fft16x32//c66/DSP_fft16x32.c"/>
        <file name="./src/DSP_fft32x32//c66/DSP_fft32x32.c"/>
        <file name="./src/DSP_fft32x32s//c66/DSP_fft32x32s.c"/>
        <file name="./src/DSP_firlms2//c66/DSP_firlms2.c"/>
        <file name="./src/DSP_fir_cplx//c66/DSP_fir_cplx.c"/>
        <file name="./src/DSP_fir_cplx_hM4X4//c66/DSP_fir_cplx_hM4X4.c"/>
        <file name="./src/DSP_fir_gen//c66/DSP_fir_gen.c"/>
        <file name="./src/DSP_fir_gen_hM17_rA8X8//c66/DSP_fir_gen_hM17_rA8X8.c"/>
        <file name="./src/DSP_fir_r4//c66/DSP_fir_r4.c"/>
        <file name="./src/DSP_fir_r8//c66/DSP_fir_r8.c"/>
        <file name="./src/DSP_fir_r8_h16//c66/DSP_fir_r8_h16.c"/>
        <file name="./src/DSP_fir_r8_h24//c66/DSP_fir_r8_h24.c"/>
        <file name="./src/DSP_fir_r8_h8//c66/DSP_fir_r8_h8.c"/>
        <file name="./src/DSP_fir_r8_hM16_rM8A8X8//c66/DSP_fir_r8_hM16_rM8A8X8.c"/>
        <file name="./src/DSP_fir_sym//c66/DSP_fir_sym.c"/>
        <file name="./src/DSP_fltoq15//c66/DSP_fltoq15.c"/>
        <file name="./src/DSP_ifft16x16//c66/DSP_ifft16x16.c"/>
        <file name="./src/DSP_ifft16x16_imre//c66/DSP_ifft16x16_imre.c"/>
        <file name="./src/DSP_ifft16x32//c66/DSP_ifft16x32.c"/>
        <file name="./src/DSP_ifft32x32//c66/DSP_ifft32x32.c"/>
        <file name="./src/DSP_iir//c66/DSP_iir.c"/>
        <file name="./src/DSP_iir_lat//c66/DSP_iir_lat.c"/>
        <file name="./src/DSP_iir_ss//c66/DSP_iir_ss.c"/>
        <file name="./src/DSP_mat_mul//c66/DSP_mat_mul.c"/>
        <file name="./src/DSP_mat_mul_cplx//c66/DSP_mat_mul_cplx.c"/>
        <file name="./src/DSP_mat_trans//c66/DSP_mat_trans.c"/>
        <file name="./src/DSP_maxidx//c66/DSP_maxidx.c"/>
        <file name="./src/DSP_maxval//c66/DSP_maxval.c"/>
        <file name="./src/DSP_minerror//c66/DSP_minerror.c"/>
        <file name="./src/DSP_minval//c66/DSP_minval.c"/>
        <file name="./src/DSP_mul32//c66/DSP_mul32.c"/>
        <file name="./src/DSP_neg32//c66/DSP_neg32.c"/>
        <file name="./src/DSP_q15tofl//c66/DSP_q15tofl.c"/>
        <file name="./src/DSP_recip16//c66/DSP_recip16.c"/>
        <file name="./src/DSP_urand16//c66/DSP_urand16.c"/>
        <file name="./src/DSP_urand32//c66/DSP_urand32.c"/>
        <file name="./src/DSP_vecsumsq//c66/DSP_vecsumsq.c"/>
        <file name="./src/DSP_w_vec//c66/DSP_w_vec.c"/>
        <file name="./src/DSPF_sp_fftSPxSP//c66/DSPF_sp_fftSPxSP.sa"/>
        <file name="./src/DSPF_sp_ifftSPxSP//c66/DSPF_sp_ifftSPxSP.sa"/>
        <file name="lib/dsplib.a66"/>
        <file name="lib/dsplib.lib"/>
        <file name="lib/dsplib.a66e.mk"/>
        <file name="lib/dsplib.a66e"/>
        <file name="lib/dsplib.ae66.mk"/>
        <file name="lib/dsplib.ae66"/>
        <file name="lib/dsplib.ae66e.mk"/>
        <file name="lib/dsplib.ae66e"/>
        <file name="lib/dsplib_cn.a66.mk"/>
        <file name="./src/DSPF_dp_cholesky//c66/DSPF_dp_cholesky_cn.c"/>
        <file name="./src/DSPF_dp_cholesky_cmplx//c66/DSPF_dp_cholesky_cmplx_cn.c"/>
        <file name="./src/DSPF_dp_fftDPxDP//c66/DSPF_dp_fftDPxDP_cn.c"/>
        <file name="./src/DSPF_dp_ifftDPxDP//c66/DSPF_dp_ifftDPxDP_cn.c"/>
        <file name="./src/DSPF_dp_lud//c66/DSPF_dp_lud_cn.c"/>
        <file name="./src/DSPF_dp_lud_cmplx//c66/DSPF_dp_lud_cmplx_cn.c"/>
        <file name="./src/DSPF_dp_lud_inv//c66/DSPF_dp_lud_inv_cn.c"/>
        <file name="./src/DSPF_dp_lud_inv_cmplx//c66/DSPF_dp_lud_inv_cmplx_cn.c"/>
        <file name="./src/DSPF_dp_lud_sol//c66/DSPF_dp_lud_sol_cn.c"/>
        <file name="./src/DSPF_dp_lud_sol_cmplx//c66/DSPF_dp_lud_sol_cmplx_cn.c"/>
        <file name="./src/DSPF_dp_mat_mul_gemm//c66/DSPF_dp_mat_mul_gemm_cn.c"/>
        <file name="./src/DSPF_dp_mat_submat_copy//c66/DSPF_dp_mat_submat_copy_cn.c"/>
        <file name="./src/DSPF_dp_mat_trans//c66/DSPF_dp_mat_trans_cn.c"/>
        <file name="./src/DSPF_dp_qrd//c66/DSPF_dp_qrd_cn.c"/>
        <file name="./src/DSPF_dp_qrd_cmplx//c66/DSPF_dp_qrd_cmplx_cn.c"/>
        <file name="./src/DSPF_dp_svd//c66/DSPF_dp_svd_cn.c"/>
        <file name="./src/DSPF_dp_svd_cmplx//c66/DSPF_dp_svd_cmplx_cn.c"/>
        <file name="./src/DSPF_sp_autocor//c66/DSPF_sp_autocor_cn.c"/>
        <file name="./src/DSPF_sp_biquad//c66/DSPF_sp_biquad_cn.c"/>
        <file name="./src/DSPF_sp_bitrev_cplx//c66/DSPF_sp_bitrev_cplx_cn.c"/>
        <file name="./src/DSPF_sp_cholesky//c66/DSPF_sp_cholesky_cn.c"/>
        <file name="./src/DSPF_sp_cholesky_cmplx//c66/DSPF_sp_cholesky_cmplx_cn.c"/>
        <file name="./src/DSPF_sp_convol//c66/DSPF_sp_convol_cn.c"/>
        <file name="./src/DSPF_sp_dotprod//c66/DSPF_sp_dotprod_cn.c"/>
        <file name="./src/DSPF_sp_dotp_cplx//c66/DSPF_sp_dotp_cplx_cn.c"/>
        <file name="./src/DSPF_sp_erand//c66/DSPF_sp_erand_cn.c"/>
        <file name="./src/DSPF_sp_fftSPxSP//c66/DSPF_sp_fftSPxSP_cn.c"/>
        <file name="./src/DSPF_sp_fftSPxSP_r2c//c66/DSPF_sp_fftSPxSP_r2c_cn.c"/>
        <file name="./src/DSPF_sp_fircirc//c66/DSPF_sp_fircirc_cn.c"/>
        <file name="./src/DSPF_sp_fir_cplx//c66/DSPF_sp_fir_cplx_cn.c"/>
        <file name="./src/DSPF_sp_fir_gen//c66/DSPF_sp_fir_gen_cn.c"/>
        <file name="./src/DSPF_sp_fir_r2//c66/DSPF_sp_fir_r2_cn.c"/>
        <file name="./src/DSPF_sp_ifftSPxSP//c66/DSPF_sp_ifftSPxSP_cn.c"/>
        <file name="./src/DSPF_sp_ifftSPxSP_c2r//c66/DSPF_sp_ifftSPxSP_c2r_cn.c"/>
        <file name="./src/DSPF_sp_iir//c66/DSPF_sp_iir_cn.c"/>
        <file name="./src/DSPF_sp_iirlat//c66/DSPF_sp_iirlat_cn.c"/>
        <file name="./src/DSPF_sp_lms//c66/DSPF_sp_lms_cn.c"/>
        <file name="./src/DSPF_sp_lud//c66/DSPF_sp_lud_cn.c"/>
        <file name="./src/DSPF_sp_lud_cmplx//c66/DSPF_sp_lud_cmplx_cn.c"/>
        <file name="./src/DSPF_sp_lud_inv//c66/DSPF_sp_lud_inv_cn.c"/>
        <file name="./src/DSPF_sp_lud_inv_cmplx//c66/DSPF_sp_lud_inv_cmplx_cn.c"/>
        <file name="./src/DSPF_sp_lud_sol//c66/DSPF_sp_lud_sol_cn.c"/>
        <file name="./src/DSPF_sp_lud_sol_cmplx//c66/DSPF_sp_lud_sol_cmplx_cn.c"/>
        <file name="./src/DSPF_sp_mat_mul//c66/DSPF_sp_mat_mul_cn.c"/>
        <file name="./src/DSPF_sp_mat_mul_cplx//c66/DSPF_sp_mat_mul_cplx_cn.c"/>
        <file name="./src/DSPF_sp_mat_mul_gemm//c66/DSPF_sp_mat_mul_gemm_cn.c"/>
        <file name="./src/DSPF_sp_mat_mul_gemm_cplx//c66/DSPF_sp_mat_mul_gemm_cplx_cn.c"/>
        <file name="./src/DSPF_sp_mat_submat_copy//c66/DSPF_sp_mat_submat_copy_cn.c"/>
        <file name="./src/DSPF_sp_mat_submat_copy_cplx//c66/DSPF_sp_mat_submat_copy_cplx_cn.c"/>
        <file name="./src/DSPF_sp_mat_trans//c66/DSPF_sp_mat_trans_cn.c"/>
        <file name="./src/DSPF_sp_mat_trans_cplx//c66/DSPF_sp_mat_trans_cplx_cn.c"/>
        <file name="./src/DSPF_sp_maxidx//c66/DSPF_sp_maxidx_cn.c"/>
        <file name="./src/DSPF_sp_maxval//c66/DSPF_sp_maxval_cn.c"/>
        <file name="./src/DSPF_sp_minerr//c66/DSPF_sp_minerr_cn.c"/>
        <file name="./src/DSPF_sp_minval//c66/DSPF_sp_minval_cn.c"/>
        <file name="./src/DSPF_sp_nrand//c66/DSPF_sp_nrand_cn.c"/>
        <file name="./src/DSPF_sp_qrd//c66/DSPF_sp_qrd_cn.c"/>
        <file name="./src/DSPF_sp_qrd_cmplx//c66/DSPF_sp_qrd_cmplx_cn.c"/>
        <file name="./src/DSPF_sp_svd//c66/DSPF_sp_svd_cn.c"/>
        <file name="./src/DSPF_sp_svd_cmplx//c66/DSPF_sp_svd_cmplx_cn.c"/>
        <file name="./src/DSPF_sp_urand//c66/DSPF_sp_urand_cn.c"/>
        <file name="./src/DSPF_sp_vecadd//c66/DSPF_sp_vecadd_cn.c"/>
        <file name="./src/DSPF_sp_vecmul//c66/DSPF_sp_vecmul_cn.c"/>
        <file name="./src/DSPF_sp_vecrecip//c66/DSPF_sp_vecrecip_cn.c"/>
        <file name="./src/DSPF_sp_vecsum_sq//c66/DSPF_sp_vecsum_sq_cn.c"/>
        <file name="./src/DSPF_sp_w_vec//c66/DSPF_sp_w_vec_cn.c"/>
        <file name="./src/DSP_add16//c66/DSP_add16_cn.c"/>
        <file name="./src/DSP_add32//c66/DSP_add32_cn.c"/>
        <file name="./src/DSP_autocor//c66/DSP_autocor_cn.c"/>
        <file name="./src/DSP_bexp//c66/DSP_bexp_cn.c"/>
        <file name="./src/DSP_blk_eswap16//c66/DSP_blk_eswap16_cn.c"/>
        <file name="./src/DSP_blk_eswap32//c66/DSP_blk_eswap32_cn.c"/>
        <file name="./src/DSP_blk_eswap64//c66/DSP_blk_eswap64_cn.c"/>
        <file name="./src/DSP_blk_move//c66/DSP_blk_move_cn.c"/>
        <file name="./src/DSP_dotprod//c66/DSP_dotprod_cn.c"/>
        <file name="./src/DSP_dotp_sqr//c66/DSP_dotp_sqr_cn.c"/>
        <file name="./src/DSP_fft16x16//c66/DSP_fft16x16_cn.c"/>
        <file name="./src/DSP_fft16x16r//c66/DSP_fft16x16r_cn.c"/>
        <file name="./src/DSP_fft16x16_imre//c66/DSP_fft16x16_imre_cn.c"/>
        <file name="./src/DSP_fft16x32//c66/DSP_fft16x32_cn.c"/>
        <file name="./src/DSP_fft32x32//c66/DSP_fft32x32_cn.c"/>
        <file name="./src/DSP_fft32x32s//c66/DSP_fft32x32s_cn.c"/>
        <file name="./src/DSP_firlms2//c66/DSP_firlms2_cn.c"/>
        <file name="./src/DSP_fir_cplx//c66/DSP_fir_cplx_cn.c"/>
        <file name="./src/DSP_fir_cplx_hM4X4//c66/DSP_fir_cplx_hM4X4_cn.c"/>
        <file name="./src/DSP_fir_gen//c66/DSP_fir_gen_cn.c"/>
        <file name="./src/DSP_fir_gen_hM17_rA8X8//c66/DSP_fir_gen_hM17_rA8X8_cn.c"/>
        <file name="./src/DSP_fir_r4//c66/DSP_fir_r4_cn.c"/>
        <file name="./src/DSP_fir_r8//c66/DSP_fir_r8_cn.c"/>
        <file name="./src/DSP_fir_r8_h16//c66/DSP_fir_r8_h16_cn.c"/>
        <file name="./src/DSP_fir_r8_h24//c66/DSP_fir_r8_h24_cn.c"/>
        <file name="./src/DSP_fir_r8_h8//c66/DSP_fir_r8_h8_cn.c"/>
        <file name="./src/DSP_fir_r8_hM16_rM8A8X8//c66/DSP_fir_r8_hM16_rM8A8X8_cn.c"/>
        <file name="./src/DSP_fir_sym//c66/DSP_fir_sym_cn.c"/>
        <file name="./src/DSP_fltoq15//c66/DSP_fltoq15_cn.c"/>
        <file name="./src/DSP_ifft16x16//c66/DSP_ifft16x16_cn.c"/>
        <file name="./src/DSP_ifft16x16_imre//c66/DSP_ifft16x16_imre_cn.c"/>
        <file name="./src/DSP_ifft16x32//c66/DSP_ifft16x32_cn.c"/>
        <file name="./src/DSP_ifft32x32//c66/DSP_ifft32x32_cn.c"/>
        <file name="./src/DSP_iir//c66/DSP_iir_cn.c"/>
        <file name="./src/DSP_iir_lat//c66/DSP_iir_lat_cn.c"/>
        <file name="./src/DSP_iir_ss//c66/DSP_iir_ss_cn.c"/>
        <file name="./src/DSP_mat_mul//c66/DSP_mat_mul_cn.c"/>
        <file name="./src/DSP_mat_mul_cplx//c66/DSP_mat_mul_cplx_cn.c"/>
        <file name="./src/DSP_mat_trans//c66/DSP_mat_trans_cn.c"/>
        <file name="./src/DSP_maxidx//c66/DSP_maxidx_cn.c"/>
        <file name="./src/DSP_maxval//c66/DSP_maxval_cn.c"/>
        <file name="./src/DSP_minerror//c66/DSP_minerror_cn.c"/>
        <file name="./src/DSP_minval//c66/DSP_minval_cn.c"/>
        <file name="./src/DSP_mul32//c66/DSP_mul32_cn.c"/>
        <file name="./src/DSP_neg32//c66/DSP_neg32_cn.c"/>
        <file name="./src/DSP_q15tofl//c66/DSP_q15tofl_cn.c"/>
        <file name="./src/DSP_recip16//c66/DSP_recip16_cn.c"/>
        <file name="./src/DSP_urand16//c66/DSP_urand16_cn.c"/>
        <file name="./src/DSP_urand32//c66/DSP_urand32_cn.c"/>
        <file name="./src/DSP_vecsumsq//c66/DSP_vecsumsq_cn.c"/>
        <file name="./src/DSP_w_vec//c66/DSP_w_vec_cn.c"/>
        <file name="lib/dsplib_cn.a66"/>
        <file name="lib/dsplib_cn.lib"/>
        <file name="lib/dsplib_cn.a66e.mk"/>
        <file name="lib/dsplib_cn.a66e"/>
        <file name="lib/dsplib_cn.ae66.mk"/>
        <file name="lib/dsplib_cn.ae66"/>
        <file name="lib/dsplib_cn.ae66e.mk"/>
        <file name="lib/dsplib_cn.ae66e"/>
        <file name="./package/projects"/>
        <file name="ccsmake.mk"/>
        <file name="src/DSPF_dp_cholesky//c66//DSPF_dp_cholesky_66_LE_COFF"/>
        <file name="src/DSPF_dp_cholesky//c66/lnk.cmd"/>
        <file name="src/DSPF_dp_cholesky/DSPF_dp_cholesky.h"/>
        <file name="src/DSPF_dp_cholesky//c66/DSPF_dp_cholesky.h"/>
        <file name="src/DSPF_dp_cholesky//c66/DSPF_dp_cholesky_cn.h"/>
        <file name="src/DSPF_dp_cholesky//c66/DSPF_dp_cholesky_d.c"/>
        <file name="src/DSPF_dp_cholesky//c66//DSPF_dp_cholesky_66_BE_COFF"/>
        <file name="src/DSPF_dp_cholesky//c66//DSPF_dp_cholesky_66_LE_ELF"/>
        <file name="src/DSPF_dp_cholesky//c66//DSPF_dp_cholesky_66_BE_ELF"/>
        <file name="src/DSPF_dp_cholesky_cmplx//c66//DSPF_dp_cholesky_cmplx_66_LE_COFF"/>
        <file name="src/DSPF_dp_cholesky_cmplx//c66/lnk.cmd"/>
        <file name="src/DSPF_dp_cholesky_cmplx/DSPF_dp_cholesky_cmplx.h"/>
        <file name="src/DSPF_dp_cholesky_cmplx//c66/DSPF_dp_cholesky_cmplx.h"/>
        <file name="src/DSPF_dp_cholesky_cmplx//c66/DSPF_dp_cholesky_cmplx_cn.h"/>
        <file name="src/DSPF_dp_cholesky_cmplx//c66/DSPF_dp_cholesky_cmplx_d.c"/>
        <file name="src/DSPF_dp_cholesky_cmplx//c66//DSPF_dp_cholesky_cmplx_66_BE_COFF"/>
        <file name="src/DSPF_dp_cholesky_cmplx//c66//DSPF_dp_cholesky_cmplx_66_LE_ELF"/>
        <file name="src/DSPF_dp_cholesky_cmplx//c66//DSPF_dp_cholesky_cmplx_66_BE_ELF"/>
        <file name="src/DSPF_dp_fftDPxDP//c66//DSPF_dp_fftDPxDP_66_LE_COFF"/>
        <file name="src/common//c66/lnk.cmd"/>
        <file name="src/DSPF_dp_fftDPxDP/DSPF_dp_fftDPxDP.h"/>
        <file name="src/DSPF_dp_fftDPxDP//c66/DSPF_dp_fftDPxDP.h"/>
        <file name="src/DSPF_dp_fftDPxDP//c66/DSPF_dp_fftDPxDP_cn.h"/>
        <file name="src/DSPF_dp_fftDPxDP//c66/DSPF_dp_fftDPxDP_d.c"/>
        <file name="src/DSPF_dp_fftDPxDP//c66//DSPF_dp_fftDPxDP_66_BE_COFF"/>
        <file name="src/DSPF_dp_fftDPxDP//c66//DSPF_dp_fftDPxDP_66_LE_ELF"/>
        <file name="src/DSPF_dp_fftDPxDP//c66//DSPF_dp_fftDPxDP_66_BE_ELF"/>
        <file name="src/DSPF_dp_ifftDPxDP//c66//DSPF_dp_ifftDPxDP_66_LE_COFF"/>
        <file name="src/DSPF_dp_ifftDPxDP/DSPF_dp_ifftDPxDP.h"/>
        <file name="src/DSPF_dp_ifftDPxDP//c66/DSPF_dp_ifftDPxDP.h"/>
        <file name="src/DSPF_dp_ifftDPxDP//c66/DSPF_dp_ifftDPxDP_cn.h"/>
        <file name="src/DSPF_dp_ifftDPxDP//c66/DSPF_dp_ifftDPxDP_d.c"/>
        <file name="src/DSPF_dp_ifftDPxDP//c66//DSPF_dp_ifftDPxDP_66_BE_COFF"/>
        <file name="src/DSPF_dp_ifftDPxDP//c66//DSPF_dp_ifftDPxDP_66_LE_ELF"/>
        <file name="src/DSPF_dp_ifftDPxDP//c66//DSPF_dp_ifftDPxDP_66_BE_ELF"/>
        <file name="src/DSPF_dp_lud//c66//DSPF_dp_lud_66_LE_COFF"/>
        <file name="src/DSPF_dp_lud//c66/lnk.cmd"/>
        <file name="src/DSPF_dp_lud/DSPF_dp_lud.h"/>
        <file name="src/DSPF_dp_lud//c66/DSPF_dp_lud.h"/>
        <file name="src/DSPF_dp_lud//c66/DSPF_dp_lud_cn.h"/>
        <file name="src/DSPF_dp_lud//c66/DSPF_dp_lud_d.c"/>
        <file name="src/DSPF_dp_lud//c66//DSPF_dp_lud_66_BE_COFF"/>
        <file name="src/DSPF_dp_lud//c66//DSPF_dp_lud_66_LE_ELF"/>
        <file name="src/DSPF_dp_lud//c66//DSPF_dp_lud_66_BE_ELF"/>
        <file name="src/DSPF_dp_lud_cmplx//c66//DSPF_dp_lud_cmplx_66_LE_COFF"/>
        <file name="src/DSPF_dp_lud_cmplx//c66/lnk.cmd"/>
        <file name="src/DSPF_dp_lud_cmplx/DSPF_dp_lud_cmplx.h"/>
        <file name="src/DSPF_dp_lud_cmplx//c66/DSPF_dp_lud_cmplx.h"/>
        <file name="src/DSPF_dp_lud_cmplx//c66/DSPF_dp_lud_cmplx_cn.h"/>
        <file name="src/DSPF_dp_lud_cmplx//c66/DSPF_dp_lud_cmplx_d.c"/>
        <file name="src/DSPF_dp_lud_cmplx//c66//DSPF_dp_lud_cmplx_66_BE_COFF"/>
        <file name="src/DSPF_dp_lud_cmplx//c66//DSPF_dp_lud_cmplx_66_LE_ELF"/>
        <file name="src/DSPF_dp_lud_cmplx//c66//DSPF_dp_lud_cmplx_66_BE_ELF"/>
        <file name="src/DSPF_dp_lud_inv//c66//DSPF_dp_lud_inv_66_LE_COFF"/>
        <file name="src/DSPF_dp_lud_inv//c66/lnk.cmd"/>
        <file name="src/DSPF_dp_lud_inv/DSPF_dp_lud_inv.h"/>
        <file name="src/DSPF_dp_lud_inv//c66/DSPF_dp_lud_inv.h"/>
        <file name="src/DSPF_dp_lud_inv//c66/DSPF_dp_lud_inv_cn.h"/>
        <file name="src/DSPF_dp_lud_inv//c66/DSPF_dp_lud_inv_d.c"/>
        <file name="src/DSPF_dp_lud_inv//c66//DSPF_dp_lud_inv_66_BE_COFF"/>
        <file name="src/DSPF_dp_lud_inv//c66//DSPF_dp_lud_inv_66_LE_ELF"/>
        <file name="src/DSPF_dp_lud_inv//c66//DSPF_dp_lud_inv_66_BE_ELF"/>
        <file name="src/DSPF_dp_lud_inv_cmplx//c66//DSPF_dp_lud_inv_cmplx_66_LE_COFF"/>
        <file name="src/DSPF_dp_lud_inv_cmplx//c66/lnk.cmd"/>
        <file name="src/DSPF_dp_lud_inv_cmplx/DSPF_dp_lud_inv_cmplx.h"/>
        <file name="src/DSPF_dp_lud_inv_cmplx//c66/DSPF_dp_lud_inv_cmplx.h"/>
        <file name="src/DSPF_dp_lud_inv_cmplx//c66/DSPF_dp_lud_inv_cmplx_cn.h"/>
        <file name="src/DSPF_dp_lud_inv_cmplx//c66/DSPF_dp_lud_inv_cmplx_d.c"/>
        <file name="src/DSPF_dp_lud_inv_cmplx//c66//DSPF_dp_lud_inv_cmplx_66_BE_COFF"/>
        <file name="src/DSPF_dp_lud_inv_cmplx//c66//DSPF_dp_lud_inv_cmplx_66_LE_ELF"/>
        <file name="src/DSPF_dp_lud_inv_cmplx//c66//DSPF_dp_lud_inv_cmplx_66_BE_ELF"/>
        <file name="src/DSPF_dp_lud_sol//c66//DSPF_dp_lud_sol_66_LE_COFF"/>
        <file name="src/DSPF_dp_lud_sol//c66/lnk.cmd"/>
        <file name="src/DSPF_dp_lud_sol/DSPF_dp_lud_sol.h"/>
        <file name="src/DSPF_dp_lud_sol//c66/DSPF_dp_lud_sol.h"/>
        <file name="src/DSPF_dp_lud_sol//c66/DSPF_dp_lud_sol_cn.h"/>
        <file name="src/DSPF_dp_lud_sol//c66/DSPF_dp_lud_sol_d.c"/>
        <file name="src/DSPF_dp_lud_sol//c66//DSPF_dp_lud_sol_66_BE_COFF"/>
        <file name="src/DSPF_dp_lud_sol//c66//DSPF_dp_lud_sol_66_LE_ELF"/>
        <file name="src/DSPF_dp_lud_sol//c66//DSPF_dp_lud_sol_66_BE_ELF"/>
        <file name="src/DSPF_dp_lud_sol_cmplx//c66//DSPF_dp_lud_sol_cmplx_66_LE_COFF"/>
        <file name="src/DSPF_dp_lud_sol_cmplx//c66/lnk.cmd"/>
        <file name="src/DSPF_dp_lud_sol_cmplx/DSPF_dp_lud_sol_cmplx.h"/>
        <file name="src/DSPF_dp_lud_sol_cmplx//c66/DSPF_dp_lud_sol_cmplx.h"/>
        <file name="src/DSPF_dp_lud_sol_cmplx//c66/DSPF_dp_lud_sol_cmplx_cn.h"/>
        <file name="src/DSPF_dp_lud_sol_cmplx//c66/DSPF_dp_lud_sol_cmplx_d.c"/>
        <file name="src/DSPF_dp_lud_sol_cmplx//c66//DSPF_dp_lud_sol_cmplx_66_BE_COFF"/>
        <file name="src/DSPF_dp_lud_sol_cmplx//c66//DSPF_dp_lud_sol_cmplx_66_LE_ELF"/>
        <file name="src/DSPF_dp_lud_sol_cmplx//c66//DSPF_dp_lud_sol_cmplx_66_BE_ELF"/>
        <file name="src/DSPF_dp_mat_mul_gemm//c66//DSPF_dp_mat_mul_gemm_66_LE_COFF"/>
        <file name="src/DSPF_dp_mat_mul_gemm/DSPF_dp_mat_mul_gemm.h"/>
        <file name="src/DSPF_dp_mat_mul_gemm//c66/DSPF_dp_mat_mul_gemm.h"/>
        <file name="src/DSPF_dp_mat_mul_gemm//c66/DSPF_dp_mat_mul_gemm_cn.h"/>
        <file name="src/DSPF_dp_mat_mul_gemm//c66/DSPF_dp_mat_mul_gemm_d.c"/>
        <file name="src/DSPF_dp_mat_mul_gemm//c66//DSPF_dp_mat_mul_gemm_66_BE_COFF"/>
        <file name="src/DSPF_dp_mat_mul_gemm//c66//DSPF_dp_mat_mul_gemm_66_LE_ELF"/>
        <file name="src/DSPF_dp_mat_mul_gemm//c66//DSPF_dp_mat_mul_gemm_66_BE_ELF"/>
        <file name="src/DSPF_dp_mat_submat_copy//c66//DSPF_dp_mat_submat_copy_66_LE_COFF"/>
        <file name="src/DSPF_dp_mat_submat_copy/DSPF_dp_mat_submat_copy.h"/>
        <file name="src/DSPF_dp_mat_submat_copy//c66/DSPF_dp_mat_submat_copy.h"/>
        <file name="src/DSPF_dp_mat_submat_copy//c66/DSPF_dp_mat_submat_copy_cn.h"/>
        <file name="src/DSPF_dp_mat_submat_copy//c66/DSPF_dp_mat_submat_copy_d.c"/>
        <file name="src/DSPF_dp_mat_submat_copy//c66//DSPF_dp_mat_submat_copy_66_BE_COFF"/>
        <file name="src/DSPF_dp_mat_submat_copy//c66//DSPF_dp_mat_submat_copy_66_LE_ELF"/>
        <file name="src/DSPF_dp_mat_submat_copy//c66//DSPF_dp_mat_submat_copy_66_BE_ELF"/>
        <file name="src/DSPF_dp_mat_trans//c66//DSPF_dp_mat_trans_66_LE_COFF"/>
        <file name="src/DSPF_dp_mat_trans/DSPF_dp_mat_trans.h"/>
        <file name="src/DSPF_dp_mat_trans//c66/DSPF_dp_mat_trans.h"/>
        <file name="src/DSPF_dp_mat_trans//c66/DSPF_dp_mat_trans_cn.h"/>
        <file name="src/DSPF_dp_mat_trans//c66/DSPF_dp_mat_trans_d.c"/>
        <file name="src/DSPF_dp_mat_trans//c66//DSPF_dp_mat_trans_66_BE_COFF"/>
        <file name="src/DSPF_dp_mat_trans//c66//DSPF_dp_mat_trans_66_LE_ELF"/>
        <file name="src/DSPF_dp_mat_trans//c66//DSPF_dp_mat_trans_66_BE_ELF"/>
        <file name="src/DSPF_dp_qrd//c66//DSPF_dp_qrd_66_LE_COFF"/>
        <file name="src/DSPF_dp_qrd//c66/lnk.cmd"/>
        <file name="src/DSPF_dp_qrd/DSPF_dp_qrd.h"/>
        <file name="src/DSPF_dp_qrd//c66/DSPF_dp_qrd.h"/>
        <file name="src/DSPF_dp_qrd//c66/DSPF_dp_qrd_cn.h"/>
        <file name="src/DSPF_dp_qrd//c66/DSPF_dp_qrd_d.c"/>
        <file name="src/DSPF_dp_qrd//c66//DSPF_dp_qrd_66_BE_COFF"/>
        <file name="src/DSPF_dp_qrd//c66//DSPF_dp_qrd_66_LE_ELF"/>
        <file name="src/DSPF_dp_qrd//c66//DSPF_dp_qrd_66_BE_ELF"/>
        <file name="src/DSPF_dp_qrd_cmplx//c66//DSPF_dp_qrd_cmplx_66_LE_COFF"/>
        <file name="src/DSPF_dp_qrd_cmplx//c66/lnk.cmd"/>
        <file name="src/DSPF_dp_qrd_cmplx/DSPF_dp_qrd_cmplx.h"/>
        <file name="src/DSPF_dp_qrd_cmplx//c66/DSPF_dp_qrd_cmplx.h"/>
        <file name="src/DSPF_dp_qrd_cmplx//c66/DSPF_dp_qrd_cmplx_cn.h"/>
        <file name="src/DSPF_dp_qrd_cmplx//c66/DSPF_dp_qrd_cmplx_d.c"/>
        <file name="src/DSPF_dp_qrd_cmplx//c66//DSPF_dp_qrd_cmplx_66_BE_COFF"/>
        <file name="src/DSPF_dp_qrd_cmplx//c66//DSPF_dp_qrd_cmplx_66_LE_ELF"/>
        <file name="src/DSPF_dp_qrd_cmplx//c66//DSPF_dp_qrd_cmplx_66_BE_ELF"/>
        <file name="src/DSPF_dp_svd//c66//DSPF_dp_svd_66_LE_COFF"/>
        <file name="src/DSPF_dp_svd//c66/lnk.cmd"/>
        <file name="src/DSPF_dp_svd/DSPF_dp_svd.h"/>
        <file name="src/DSPF_dp_svd//c66/DSPF_dp_svd.h"/>
        <file name="src/DSPF_dp_svd//c66/DSPF_dp_svd_cn.h"/>
        <file name="src/DSPF_dp_svd//c66/DSPF_dp_svd_d.c"/>
        <file name="src/DSPF_dp_svd//c66//DSPF_dp_svd_66_BE_COFF"/>
        <file name="src/DSPF_dp_svd//c66//DSPF_dp_svd_66_LE_ELF"/>
        <file name="src/DSPF_dp_svd//c66//DSPF_dp_svd_66_BE_ELF"/>
        <file name="src/DSPF_dp_svd_cmplx//c66//DSPF_dp_svd_cmplx_66_LE_COFF"/>
        <file name="src/DSPF_dp_svd_cmplx//c66/lnk.cmd"/>
        <file name="src/DSPF_dp_svd_cmplx/DSPF_dp_svd_cmplx.h"/>
        <file name="src/DSPF_dp_svd_cmplx//c66/DSPF_dp_svd_cmplx.h"/>
        <file name="src/DSPF_dp_svd_cmplx//c66/DSPF_dp_svd_cmplx_cn.h"/>
        <file name="src/DSPF_dp_svd_cmplx//c66/DSPF_dp_svd_cmplx_d.c"/>
        <file name="src/DSPF_dp_svd_cmplx//c66//DSPF_dp_svd_cmplx_66_BE_COFF"/>
        <file name="src/DSPF_dp_svd_cmplx//c66//DSPF_dp_svd_cmplx_66_LE_ELF"/>
        <file name="src/DSPF_dp_svd_cmplx//c66//DSPF_dp_svd_cmplx_66_BE_ELF"/>
        <file name="src/DSPF_sp_autocor//c66//DSPF_sp_autocor_66_LE_COFF"/>
        <file name="src/DSPF_sp_autocor/DSPF_sp_autocor.h"/>
        <file name="src/DSPF_sp_autocor//c66/DSPF_sp_autocor.h"/>
        <file name="src/DSPF_sp_autocor//c66/DSPF_sp_autocor_cn.h"/>
        <file name="src/DSPF_sp_autocor//c66/DSPF_sp_autocor_d.c"/>
        <file name="src/DSPF_sp_autocor//c66//DSPF_sp_autocor_66_BE_COFF"/>
        <file name="src/DSPF_sp_autocor//c66//DSPF_sp_autocor_66_LE_ELF"/>
        <file name="src/DSPF_sp_autocor//c66//DSPF_sp_autocor_66_BE_ELF"/>
        <file name="src/DSPF_sp_biquad//c66//DSPF_sp_biquad_66_LE_COFF"/>
        <file name="src/DSPF_sp_biquad/DSPF_sp_biquad.h"/>
        <file name="src/DSPF_sp_biquad//c66/DSPF_sp_biquad.h"/>
        <file name="src/DSPF_sp_biquad//c66/DSPF_sp_biquad_cn.h"/>
        <file name="src/DSPF_sp_biquad//c66/DSPF_sp_biquad_d.c"/>
        <file name="src/DSPF_sp_biquad//c66//DSPF_sp_biquad_66_BE_COFF"/>
        <file name="src/DSPF_sp_biquad//c66//DSPF_sp_biquad_66_LE_ELF"/>
        <file name="src/DSPF_sp_biquad//c66//DSPF_sp_biquad_66_BE_ELF"/>
        <file name="src/DSPF_sp_bitrev_cplx//c66//DSPF_sp_bitrev_cplx_66_LE_COFF"/>
        <file name="src/DSPF_sp_bitrev_cplx/DSPF_sp_bitrev_cplx.h"/>
        <file name="src/DSPF_sp_bitrev_cplx//c66/DSPF_sp_bitrev_cplx.h"/>
        <file name="src/DSPF_sp_bitrev_cplx//c66/DSPF_sp_bitrev_cplx_cn.h"/>
        <file name="src/DSPF_sp_bitrev_cplx//c66/DSPF_sp_bitrev_cplx_d.c"/>
        <file name="src/DSPF_sp_bitrev_cplx//c66//DSPF_sp_bitrev_cplx_66_BE_COFF"/>
        <file name="src/DSPF_sp_bitrev_cplx//c66//DSPF_sp_bitrev_cplx_66_LE_ELF"/>
        <file name="src/DSPF_sp_bitrev_cplx//c66//DSPF_sp_bitrev_cplx_66_BE_ELF"/>
        <file name="src/DSPF_sp_cholesky//c66//DSPF_sp_cholesky_66_LE_COFF"/>
        <file name="src/DSPF_sp_cholesky//c66/lnk.cmd"/>
        <file name="src/DSPF_sp_cholesky/DSPF_sp_cholesky.h"/>
        <file name="src/DSPF_sp_cholesky//c66/DSPF_sp_cholesky.h"/>
        <file name="src/DSPF_sp_cholesky//c66/DSPF_sp_cholesky_cn.h"/>
        <file name="src/DSPF_sp_cholesky//c66/DSPF_sp_cholesky_d.c"/>
        <file name="src/DSPF_sp_cholesky//c66//DSPF_sp_cholesky_66_BE_COFF"/>
        <file name="src/DSPF_sp_cholesky//c66//DSPF_sp_cholesky_66_LE_ELF"/>
        <file name="src/DSPF_sp_cholesky//c66//DSPF_sp_cholesky_66_BE_ELF"/>
        <file name="src/DSPF_sp_cholesky_cmplx//c66//DSPF_sp_cholesky_cmplx_66_LE_COFF"/>
        <file name="src/DSPF_sp_cholesky_cmplx//c66/lnk.cmd"/>
        <file name="src/DSPF_sp_cholesky_cmplx/DSPF_sp_cholesky_cmplx.h"/>
        <file name="src/DSPF_sp_cholesky_cmplx//c66/DSPF_sp_cholesky_cmplx.h"/>
        <file name="src/DSPF_sp_cholesky_cmplx//c66/DSPF_sp_cholesky_cmplx_cn.h"/>
        <file name="src/DSPF_sp_cholesky_cmplx//c66/DSPF_sp_cholesky_cmplx_d.c"/>
        <file name="src/DSPF_sp_cholesky_cmplx//c66//DSPF_sp_cholesky_cmplx_66_BE_COFF"/>
        <file name="src/DSPF_sp_cholesky_cmplx//c66//DSPF_sp_cholesky_cmplx_66_LE_ELF"/>
        <file name="src/DSPF_sp_cholesky_cmplx//c66//DSPF_sp_cholesky_cmplx_66_BE_ELF"/>
        <file name="src/DSPF_sp_convol//c66//DSPF_sp_convol_66_LE_COFF"/>
        <file name="src/DSPF_sp_convol/DSPF_sp_convol.h"/>
        <file name="src/DSPF_sp_convol//c66/DSPF_sp_convol.h"/>
        <file name="src/DSPF_sp_convol//c66/DSPF_sp_convol_cn.h"/>
        <file name="src/DSPF_sp_convol//c66/DSPF_sp_convol_d.c"/>
        <file name="src/DSPF_sp_convol//c66//DSPF_sp_convol_66_BE_COFF"/>
        <file name="src/DSPF_sp_convol//c66//DSPF_sp_convol_66_LE_ELF"/>
        <file name="src/DSPF_sp_convol//c66//DSPF_sp_convol_66_BE_ELF"/>
        <file name="src/DSPF_sp_dotprod//c66//DSPF_sp_dotprod_66_LE_COFF"/>
        <file name="src/DSPF_sp_dotprod/DSPF_sp_dotprod.h"/>
        <file name="src/DSPF_sp_dotprod//c66/DSPF_sp_dotprod.h"/>
        <file name="src/DSPF_sp_dotprod//c66/DSPF_sp_dotprod_cn.h"/>
        <file name="src/DSPF_sp_dotprod//c66/DSPF_sp_dotprod_d.c"/>
        <file name="src/DSPF_sp_dotprod//c66//DSPF_sp_dotprod_66_BE_COFF"/>
        <file name="src/DSPF_sp_dotprod//c66//DSPF_sp_dotprod_66_LE_ELF"/>
        <file name="src/DSPF_sp_dotprod//c66//DSPF_sp_dotprod_66_BE_ELF"/>
        <file name="src/DSPF_sp_dotp_cplx//c66//DSPF_sp_dotp_cplx_66_LE_COFF"/>
        <file name="src/DSPF_sp_dotp_cplx/DSPF_sp_dotp_cplx.h"/>
        <file name="src/DSPF_sp_dotp_cplx//c66/DSPF_sp_dotp_cplx.h"/>
        <file name="src/DSPF_sp_dotp_cplx//c66/DSPF_sp_dotp_cplx_cn.h"/>
        <file name="src/DSPF_sp_dotp_cplx//c66/DSPF_sp_dotp_cplx_d.c"/>
        <file name="src/DSPF_sp_dotp_cplx//c66//DSPF_sp_dotp_cplx_66_BE_COFF"/>
        <file name="src/DSPF_sp_dotp_cplx//c66//DSPF_sp_dotp_cplx_66_LE_ELF"/>
        <file name="src/DSPF_sp_dotp_cplx//c66//DSPF_sp_dotp_cplx_66_BE_ELF"/>
        <file name="src/DSPF_sp_erand//c66//DSPF_sp_erand_66_LE_COFF"/>
        <file name="src/DSPF_sp_erand//c66/lnk.cmd"/>
        <file name="src/DSPF_sp_erand/DSPF_sp_erand.h"/>
        <file name="src/DSPF_sp_erand//c66/DSPF_sp_erand.h"/>
        <file name="src/DSPF_sp_erand//c66/DSPF_sp_erand_cn.h"/>
        <file name="src/DSPF_sp_erand//c66/DSPF_sp_erand_d.c"/>
        <file name="src/DSPF_sp_erand//c66//DSPF_sp_erand_66_BE_COFF"/>
        <file name="src/DSPF_sp_erand//c66//DSPF_sp_erand_66_LE_ELF"/>
        <file name="src/DSPF_sp_erand//c66//DSPF_sp_erand_66_BE_ELF"/>
        <file name="src/DSPF_sp_fftSPxSP//c66//DSPF_sp_fftSPxSP_66_LE_COFF"/>
        <file name="src/DSPF_sp_fftSPxSP/DSPF_sp_fftSPxSP.h"/>
        <file name="src/DSPF_sp_fftSPxSP//c66/DSPF_sp_fftSPxSP.h"/>
        <file name="src/DSPF_sp_fftSPxSP//c66/DSPF_sp_fftSPxSP_cn.h"/>
        <file name="src/DSPF_sp_fftSPxSP//c66/DSPF_sp_fftSPxSP_d.c"/>
        <file name="src/DSPF_sp_fftSPxSP//c66/DSPF_sp_fftSPxSP_opt.c"/>
        <file name="src/DSPF_sp_fftSPxSP//c66/DSPF_sp_fftSPxSP_opt.h"/>
        <file name="src/DSPF_sp_fftSPxSP//c66//DSPF_sp_fftSPxSP_66_BE_COFF"/>
        <file name="src/DSPF_sp_fftSPxSP//c66//DSPF_sp_fftSPxSP_66_LE_ELF"/>
        <file name="src/DSPF_sp_fftSPxSP//c66//DSPF_sp_fftSPxSP_66_BE_ELF"/>
        <file name="src/DSPF_sp_fftSPxSP_r2c//c66//DSPF_sp_fftSPxSP_r2c_66_LE_COFF"/>
        <file name="src/DSPF_sp_fftSPxSP_r2c/DSPF_sp_fftSPxSP_r2c.h"/>
        <file name="src/DSPF_sp_fftSPxSP_r2c//c66/DSPF_sp_fftSPxSP_r2c.h"/>
        <file name="src/DSPF_sp_fftSPxSP_r2c//c66/DSPF_sp_fftSPxSP_r2c_cn.h"/>
        <file name="src/DSPF_sp_fftSPxSP_r2c//c66/DSPF_sp_fftSPxSP_r2c_d.c"/>
        <file name="src/DSPF_sp_fftSPxSP_r2c//c66//DSPF_sp_fftSPxSP_r2c_66_BE_COFF"/>
        <file name="src/DSPF_sp_fftSPxSP_r2c//c66//DSPF_sp_fftSPxSP_r2c_66_LE_ELF"/>
        <file name="src/DSPF_sp_fftSPxSP_r2c//c66//DSPF_sp_fftSPxSP_r2c_66_BE_ELF"/>
        <file name="src/DSPF_sp_fircirc//c66//DSPF_sp_fircirc_66_LE_COFF"/>
        <file name="src/DSPF_sp_fircirc/DSPF_sp_fircirc.h"/>
        <file name="src/DSPF_sp_fircirc//c66/DSPF_sp_fircirc.h"/>
        <file name="src/DSPF_sp_fircirc//c66/DSPF_sp_fircirc_cn.h"/>
        <file name="src/DSPF_sp_fircirc//c66/DSPF_sp_fircirc_d.c"/>
        <file name="src/DSPF_sp_fircirc//c66//DSPF_sp_fircirc_66_BE_COFF"/>
        <file name="src/DSPF_sp_fircirc//c66//DSPF_sp_fircirc_66_LE_ELF"/>
        <file name="src/DSPF_sp_fircirc//c66//DSPF_sp_fircirc_66_BE_ELF"/>
        <file name="src/DSPF_sp_fir_cplx//c66//DSPF_sp_fir_cplx_66_LE_COFF"/>
        <file name="src/DSPF_sp_fir_cplx/DSPF_sp_fir_cplx.h"/>
        <file name="src/DSPF_sp_fir_cplx//c66/DSPF_sp_fir_cplx.h"/>
        <file name="src/DSPF_sp_fir_cplx//c66/DSPF_sp_fir_cplx_cn.h"/>
        <file name="src/DSPF_sp_fir_cplx//c66/DSPF_sp_fir_cplx_d.c"/>
        <file name="src/DSPF_sp_fir_cplx//c66//DSPF_sp_fir_cplx_66_BE_COFF"/>
        <file name="src/DSPF_sp_fir_cplx//c66//DSPF_sp_fir_cplx_66_LE_ELF"/>
        <file name="src/DSPF_sp_fir_cplx//c66//DSPF_sp_fir_cplx_66_BE_ELF"/>
        <file name="src/DSPF_sp_fir_gen//c66//DSPF_sp_fir_gen_66_LE_COFF"/>
        <file name="src/DSPF_sp_fir_gen/DSPF_sp_fir_gen.h"/>
        <file name="src/DSPF_sp_fir_gen//c66/DSPF_sp_fir_gen.h"/>
        <file name="src/DSPF_sp_fir_gen//c66/DSPF_sp_fir_gen_cn.h"/>
        <file name="src/DSPF_sp_fir_gen//c66/DSPF_sp_fir_gen_d.c"/>
        <file name="src/DSPF_sp_fir_gen//c66//DSPF_sp_fir_gen_66_BE_COFF"/>
        <file name="src/DSPF_sp_fir_gen//c66//DSPF_sp_fir_gen_66_LE_ELF"/>
        <file name="src/DSPF_sp_fir_gen//c66//DSPF_sp_fir_gen_66_BE_ELF"/>
        <file name="src/DSPF_sp_fir_r2//c66//DSPF_sp_fir_r2_66_LE_COFF"/>
        <file name="src/DSPF_sp_fir_r2/DSPF_sp_fir_r2.h"/>
        <file name="src/DSPF_sp_fir_r2//c66/DSPF_sp_fir_r2.h"/>
        <file name="src/DSPF_sp_fir_r2//c66/DSPF_sp_fir_r2_cn.h"/>
        <file name="src/DSPF_sp_fir_r2//c66/DSPF_sp_fir_r2_d.c"/>
        <file name="src/DSPF_sp_fir_r2//c66//DSPF_sp_fir_r2_66_BE_COFF"/>
        <file name="src/DSPF_sp_fir_r2//c66//DSPF_sp_fir_r2_66_LE_ELF"/>
        <file name="src/DSPF_sp_fir_r2//c66//DSPF_sp_fir_r2_66_BE_ELF"/>
        <file name="src/DSPF_sp_ifftSPxSP//c66//DSPF_sp_ifftSPxSP_66_LE_COFF"/>
        <file name="src/DSPF_sp_ifftSPxSP/DSPF_sp_ifftSPxSP.h"/>
        <file name="src/DSPF_sp_ifftSPxSP//c66/DSPF_sp_ifftSPxSP.h"/>
        <file name="src/DSPF_sp_ifftSPxSP//c66/DSPF_sp_ifftSPxSP_cn.h"/>
        <file name="src/DSPF_sp_ifftSPxSP//c66/DSPF_sp_ifftSPxSP_d.c"/>
        <file name="src/DSPF_sp_ifftSPxSP//c66/DSPF_sp_ifftSPxSP_opt.c"/>
        <file name="src/DSPF_sp_ifftSPxSP//c66/DSPF_sp_ifftSPxSP_opt.h"/>
        <file name="src/DSPF_sp_ifftSPxSP//c66//DSPF_sp_ifftSPxSP_66_BE_COFF"/>
        <file name="src/DSPF_sp_ifftSPxSP//c66//DSPF_sp_ifftSPxSP_66_LE_ELF"/>
        <file name="src/DSPF_sp_ifftSPxSP//c66//DSPF_sp_ifftSPxSP_66_BE_ELF"/>
        <file name="src/DSPF_sp_ifftSPxSP_c2r//c66//DSPF_sp_ifftSPxSP_c2r_66_LE_COFF"/>
        <file name="src/DSPF_sp_ifftSPxSP_c2r/DSPF_sp_ifftSPxSP_c2r.h"/>
        <file name="src/DSPF_sp_ifftSPxSP_c2r//c66/DSPF_sp_ifftSPxSP_c2r.h"/>
        <file name="src/DSPF_sp_ifftSPxSP_c2r//c66/DSPF_sp_ifftSPxSP_c2r_cn.h"/>
        <file name="src/DSPF_sp_ifftSPxSP_c2r//c66/DSPF_sp_ifftSPxSP_c2r_d.c"/>
        <file name="src/DSPF_sp_ifftSPxSP_c2r//c66//DSPF_sp_ifftSPxSP_c2r_66_BE_COFF"/>
        <file name="src/DSPF_sp_ifftSPxSP_c2r//c66//DSPF_sp_ifftSPxSP_c2r_66_LE_ELF"/>
        <file name="src/DSPF_sp_ifftSPxSP_c2r//c66//DSPF_sp_ifftSPxSP_c2r_66_BE_ELF"/>
        <file name="src/DSPF_sp_iirlat//c66//DSPF_sp_iirlat_66_LE_COFF"/>
        <file name="src/DSPF_sp_iirlat/DSPF_sp_iirlat.h"/>
        <file name="src/DSPF_sp_iirlat//c66/DSPF_sp_iirlat.h"/>
        <file name="src/DSPF_sp_iirlat//c66/DSPF_sp_iirlat_cn.h"/>
        <file name="src/DSPF_sp_iirlat//c66/DSPF_sp_iirlat_d.c"/>
        <file name="src/DSPF_sp_iirlat//c66//DSPF_sp_iirlat_66_BE_COFF"/>
        <file name="src/DSPF_sp_iirlat//c66//DSPF_sp_iirlat_66_LE_ELF"/>
        <file name="src/DSPF_sp_iirlat//c66//DSPF_sp_iirlat_66_BE_ELF"/>
        <file name="src/DSPF_sp_iir//c66//DSPF_sp_iir_66_LE_COFF"/>
        <file name="src/DSPF_sp_iir/DSPF_sp_iir.h"/>
        <file name="src/DSPF_sp_iir//c66/DSPF_sp_iir.h"/>
        <file name="src/DSPF_sp_iir//c66/DSPF_sp_iir_cn.h"/>
        <file name="src/DSPF_sp_iir//c66/DSPF_sp_iir_d.c"/>
        <file name="src/DSPF_sp_iir//c66//DSPF_sp_iir_66_BE_COFF"/>
        <file name="src/DSPF_sp_iir//c66//DSPF_sp_iir_66_LE_ELF"/>
        <file name="src/DSPF_sp_iir//c66//DSPF_sp_iir_66_BE_ELF"/>
        <file name="src/DSPF_sp_lms//c66//DSPF_sp_lms_66_LE_COFF"/>
        <file name="src/DSPF_sp_lms/DSPF_sp_lms.h"/>
        <file name="src/DSPF_sp_lms//c66/DSPF_sp_lms.h"/>
        <file name="src/DSPF_sp_lms//c66/DSPF_sp_lms_cn.h"/>
        <file name="src/DSPF_sp_lms//c66/DSPF_sp_lms_d.c"/>
        <file name="src/DSPF_sp_lms//c66//DSPF_sp_lms_66_BE_COFF"/>
        <file name="src/DSPF_sp_lms//c66//DSPF_sp_lms_66_LE_ELF"/>
        <file name="src/DSPF_sp_lms//c66//DSPF_sp_lms_66_BE_ELF"/>
        <file name="src/DSPF_sp_lud//c66//DSPF_sp_lud_66_LE_COFF"/>
        <file name="src/DSPF_sp_lud//c66/lnk.cmd"/>
        <file name="src/DSPF_sp_lud/DSPF_sp_lud.h"/>
        <file name="src/DSPF_sp_lud//c66/DSPF_sp_lud.h"/>
        <file name="src/DSPF_sp_lud//c66/DSPF_sp_lud_cn.h"/>
        <file name="src/DSPF_sp_lud//c66/DSPF_sp_lud_d.c"/>
        <file name="src/DSPF_sp_lud//c66//DSPF_sp_lud_66_BE_COFF"/>
        <file name="src/DSPF_sp_lud//c66//DSPF_sp_lud_66_LE_ELF"/>
        <file name="src/DSPF_sp_lud//c66//DSPF_sp_lud_66_BE_ELF"/>
        <file name="src/DSPF_sp_lud_cmplx//c66//DSPF_sp_lud_cmplx_66_LE_COFF"/>
        <file name="src/DSPF_sp_lud_cmplx//c66/lnk.cmd"/>
        <file name="src/DSPF_sp_lud_cmplx/DSPF_sp_lud_cmplx.h"/>
        <file name="src/DSPF_sp_lud_cmplx//c66/DSPF_sp_lud_cmplx.h"/>
        <file name="src/DSPF_sp_lud_cmplx//c66/DSPF_sp_lud_cmplx_cn.h"/>
        <file name="src/DSPF_sp_lud_cmplx//c66/DSPF_sp_lud_cmplx_d.c"/>
        <file name="src/DSPF_sp_lud_cmplx//c66//DSPF_sp_lud_cmplx_66_BE_COFF"/>
        <file name="src/DSPF_sp_lud_cmplx//c66//DSPF_sp_lud_cmplx_66_LE_ELF"/>
        <file name="src/DSPF_sp_lud_cmplx//c66//DSPF_sp_lud_cmplx_66_BE_ELF"/>
        <file name="src/DSPF_sp_lud_inv//c66//DSPF_sp_lud_inv_66_LE_COFF"/>
        <file name="src/DSPF_sp_lud_inv//c66/lnk.cmd"/>
        <file name="src/DSPF_sp_lud_inv/DSPF_sp_lud_inv.h"/>
        <file name="src/DSPF_sp_lud_inv//c66/DSPF_sp_lud_inv.h"/>
        <file name="src/DSPF_sp_lud_inv//c66/DSPF_sp_lud_inv_cn.h"/>
        <file name="src/DSPF_sp_lud_inv//c66/DSPF_sp_lud_inv_d.c"/>
        <file name="src/DSPF_sp_lud_inv//c66//DSPF_sp_lud_inv_66_BE_COFF"/>
        <file name="src/DSPF_sp_lud_inv//c66//DSPF_sp_lud_inv_66_LE_ELF"/>
        <file name="src/DSPF_sp_lud_inv//c66//DSPF_sp_lud_inv_66_BE_ELF"/>
        <file name="src/DSPF_sp_lud_inv_cmplx//c66//DSPF_sp_lud_inv_cmplx_66_LE_COFF"/>
        <file name="src/DSPF_sp_lud_inv_cmplx//c66/lnk.cmd"/>
        <file name="src/DSPF_sp_lud_inv_cmplx/DSPF_sp_lud_inv_cmplx.h"/>
        <file name="src/DSPF_sp_lud_inv_cmplx//c66/DSPF_sp_lud_inv_cmplx.h"/>
        <file name="src/DSPF_sp_lud_inv_cmplx//c66/DSPF_sp_lud_inv_cmplx_cn.h"/>
        <file name="src/DSPF_sp_lud_inv_cmplx//c66/DSPF_sp_lud_inv_cmplx_d.c"/>
        <file name="src/DSPF_sp_lud_inv_cmplx//c66//DSPF_sp_lud_inv_cmplx_66_BE_COFF"/>
        <file name="src/DSPF_sp_lud_inv_cmplx//c66//DSPF_sp_lud_inv_cmplx_66_LE_ELF"/>
        <file name="src/DSPF_sp_lud_inv_cmplx//c66//DSPF_sp_lud_inv_cmplx_66_BE_ELF"/>
        <file name="src/DSPF_sp_lud_sol//c66//DSPF_sp_lud_sol_66_LE_COFF"/>
        <file name="src/DSPF_sp_lud_sol//c66/lnk.cmd"/>
        <file name="src/DSPF_sp_lud_sol/DSPF_sp_lud_sol.h"/>
        <file name="src/DSPF_sp_lud_sol//c66/DSPF_sp_lud_sol.h"/>
        <file name="src/DSPF_sp_lud_sol//c66/DSPF_sp_lud_sol_cn.h"/>
        <file name="src/DSPF_sp_lud_sol//c66/DSPF_sp_lud_sol_d.c"/>
        <file name="src/DSPF_sp_lud_sol//c66//DSPF_sp_lud_sol_66_BE_COFF"/>
        <file name="src/DSPF_sp_lud_sol//c66//DSPF_sp_lud_sol_66_LE_ELF"/>
        <file name="src/DSPF_sp_lud_sol//c66//DSPF_sp_lud_sol_66_BE_ELF"/>
        <file name="src/DSPF_sp_lud_sol_cmplx//c66//DSPF_sp_lud_sol_cmplx_66_LE_COFF"/>
        <file name="src/DSPF_sp_lud_sol_cmplx//c66/lnk.cmd"/>
        <file name="src/DSPF_sp_lud_sol_cmplx/DSPF_sp_lud_sol_cmplx.h"/>
        <file name="src/DSPF_sp_lud_sol_cmplx//c66/DSPF_sp_lud_sol_cmplx.h"/>
        <file name="src/DSPF_sp_lud_sol_cmplx//c66/DSPF_sp_lud_sol_cmplx_cn.h"/>
        <file name="src/DSPF_sp_lud_sol_cmplx//c66/DSPF_sp_lud_sol_cmplx_d.c"/>
        <file name="src/DSPF_sp_lud_sol_cmplx//c66//DSPF_sp_lud_sol_cmplx_66_BE_COFF"/>
        <file name="src/DSPF_sp_lud_sol_cmplx//c66//DSPF_sp_lud_sol_cmplx_66_LE_ELF"/>
        <file name="src/DSPF_sp_lud_sol_cmplx//c66//DSPF_sp_lud_sol_cmplx_66_BE_ELF"/>
        <file name="src/DSPF_sp_mat_mul//c66//DSPF_sp_mat_mul_66_LE_COFF"/>
        <file name="src/DSPF_sp_mat_mul/DSPF_sp_mat_mul.h"/>
        <file name="src/DSPF_sp_mat_mul//c66/DSPF_sp_mat_mul.h"/>
        <file name="src/DSPF_sp_mat_mul//c66/DSPF_sp_mat_mul_cn.h"/>
        <file name="src/DSPF_sp_mat_mul//c66/DSPF_sp_mat_mul_d.c"/>
        <file name="src/DSPF_sp_mat_mul//c66//DSPF_sp_mat_mul_66_BE_COFF"/>
        <file name="src/DSPF_sp_mat_mul//c66//DSPF_sp_mat_mul_66_LE_ELF"/>
        <file name="src/DSPF_sp_mat_mul//c66//DSPF_sp_mat_mul_66_BE_ELF"/>
        <file name="src/DSPF_sp_mat_mul_cplx//c66//DSPF_sp_mat_mul_cplx_66_LE_COFF"/>
        <file name="src/DSPF_sp_mat_mul_cplx/DSPF_sp_mat_mul_cplx.h"/>
        <file name="src/DSPF_sp_mat_mul_cplx//c66/DSPF_sp_mat_mul_cplx.h"/>
        <file name="src/DSPF_sp_mat_mul_cplx//c66/DSPF_sp_mat_mul_cplx_cn.h"/>
        <file name="src/DSPF_sp_mat_mul_cplx//c66/DSPF_sp_mat_mul_cplx_d.c"/>
        <file name="src/DSPF_sp_mat_mul_cplx//c66//DSPF_sp_mat_mul_cplx_66_BE_COFF"/>
        <file name="src/DSPF_sp_mat_mul_cplx//c66//DSPF_sp_mat_mul_cplx_66_LE_ELF"/>
        <file name="src/DSPF_sp_mat_mul_cplx//c66//DSPF_sp_mat_mul_cplx_66_BE_ELF"/>
        <file name="src/DSPF_sp_mat_mul_gemm//c66//DSPF_sp_mat_mul_gemm_66_LE_COFF"/>
        <file name="src/DSPF_sp_mat_mul_gemm/DSPF_sp_mat_mul_gemm.h"/>
        <file name="src/DSPF_sp_mat_mul_gemm//c66/DSPF_sp_mat_mul_gemm.h"/>
        <file name="src/DSPF_sp_mat_mul_gemm//c66/DSPF_sp_mat_mul_gemm_cn.h"/>
        <file name="src/DSPF_sp_mat_mul_gemm//c66/DSPF_sp_mat_mul_gemm_d.c"/>
        <file name="src/DSPF_sp_mat_mul_gemm//c66//DSPF_sp_mat_mul_gemm_66_BE_COFF"/>
        <file name="src/DSPF_sp_mat_mul_gemm//c66//DSPF_sp_mat_mul_gemm_66_LE_ELF"/>
        <file name="src/DSPF_sp_mat_mul_gemm//c66//DSPF_sp_mat_mul_gemm_66_BE_ELF"/>
        <file name="src/DSPF_sp_mat_mul_gemm_cplx//c66//DSPF_sp_mat_mul_gemm_cplx_66_LE_COFF"/>
        <file name="src/DSPF_sp_mat_mul_gemm_cplx/DSPF_sp_mat_mul_gemm_cplx.h"/>
        <file name="src/DSPF_sp_mat_mul_gemm_cplx//c66/DSPF_sp_mat_mul_gemm_cplx.h"/>
        <file name="src/DSPF_sp_mat_mul_gemm_cplx//c66/DSPF_sp_mat_mul_gemm_cplx_cn.h"/>
        <file name="src/DSPF_sp_mat_mul_gemm_cplx//c66/DSPF_sp_mat_mul_gemm_cplx_d.c"/>
        <file name="src/DSPF_sp_mat_mul_gemm_cplx//c66//DSPF_sp_mat_mul_gemm_cplx_66_BE_COFF"/>
        <file name="src/DSPF_sp_mat_mul_gemm_cplx//c66//DSPF_sp_mat_mul_gemm_cplx_66_LE_ELF"/>
        <file name="src/DSPF_sp_mat_mul_gemm_cplx//c66//DSPF_sp_mat_mul_gemm_cplx_66_BE_ELF"/>
        <file name="src/DSPF_sp_mat_submat_copy//c66//DSPF_sp_mat_submat_copy_66_LE_COFF"/>
        <file name="src/DSPF_sp_mat_submat_copy/DSPF_sp_mat_submat_copy.h"/>
        <file name="src/DSPF_sp_mat_submat_copy//c66/DSPF_sp_mat_submat_copy.h"/>
        <file name="src/DSPF_sp_mat_submat_copy//c66/DSPF_sp_mat_submat_copy_cn.h"/>
        <file name="src/DSPF_sp_mat_submat_copy//c66/DSPF_sp_mat_submat_copy_d.c"/>
        <file name="src/DSPF_sp_mat_submat_copy//c66//DSPF_sp_mat_submat_copy_66_BE_COFF"/>
        <file name="src/DSPF_sp_mat_submat_copy//c66//DSPF_sp_mat_submat_copy_66_LE_ELF"/>
        <file name="src/DSPF_sp_mat_submat_copy//c66//DSPF_sp_mat_submat_copy_66_BE_ELF"/>
        <file name="src/DSPF_sp_mat_submat_copy_cplx//c66//DSPF_sp_mat_submat_copy_cplx_66_LE_COFF"/>
        <file name="src/DSPF_sp_mat_submat_copy_cplx/DSPF_sp_mat_submat_copy_cplx.h"/>
        <file name="src/DSPF_sp_mat_submat_copy_cplx//c66/DSPF_sp_mat_submat_copy_cplx.h"/>
        <file name="src/DSPF_sp_mat_submat_copy_cplx//c66/DSPF_sp_mat_submat_copy_cplx_cn.h"/>
        <file name="src/DSPF_sp_mat_submat_copy_cplx//c66/DSPF_sp_mat_submat_copy_cplx_d.c"/>
        <file name="src/DSPF_sp_mat_submat_copy_cplx//c66//DSPF_sp_mat_submat_copy_cplx_66_BE_COFF"/>
        <file name="src/DSPF_sp_mat_submat_copy_cplx//c66//DSPF_sp_mat_submat_copy_cplx_66_LE_ELF"/>
        <file name="src/DSPF_sp_mat_submat_copy_cplx//c66//DSPF_sp_mat_submat_copy_cplx_66_BE_ELF"/>
        <file name="src/DSPF_sp_mat_trans//c66//DSPF_sp_mat_trans_66_LE_COFF"/>
        <file name="src/DSPF_sp_mat_trans/DSPF_sp_mat_trans.h"/>
        <file name="src/DSPF_sp_mat_trans//c66/DSPF_sp_mat_trans.h"/>
        <file name="src/DSPF_sp_mat_trans//c66/DSPF_sp_mat_trans_cn.h"/>
        <file name="src/DSPF_sp_mat_trans//c66/DSPF_sp_mat_trans_d.c"/>
        <file name="src/DSPF_sp_mat_trans//c66//DSPF_sp_mat_trans_66_BE_COFF"/>
        <file name="src/DSPF_sp_mat_trans//c66//DSPF_sp_mat_trans_66_LE_ELF"/>
        <file name="src/DSPF_sp_mat_trans//c66//DSPF_sp_mat_trans_66_BE_ELF"/>
        <file name="src/DSPF_sp_mat_trans_cplx//c66//DSPF_sp_mat_trans_cplx_66_LE_COFF"/>
        <file name="src/DSPF_sp_mat_trans_cplx/DSPF_sp_mat_trans_cplx.h"/>
        <file name="src/DSPF_sp_mat_trans_cplx//c66/DSPF_sp_mat_trans_cplx.h"/>
        <file name="src/DSPF_sp_mat_trans_cplx//c66/DSPF_sp_mat_trans_cplx_cn.h"/>
        <file name="src/DSPF_sp_mat_trans_cplx//c66/DSPF_sp_mat_trans_cplx_d.c"/>
        <file name="src/DSPF_sp_mat_trans_cplx//c66//DSPF_sp_mat_trans_cplx_66_BE_COFF"/>
        <file name="src/DSPF_sp_mat_trans_cplx//c66//DSPF_sp_mat_trans_cplx_66_LE_ELF"/>
        <file name="src/DSPF_sp_mat_trans_cplx//c66//DSPF_sp_mat_trans_cplx_66_BE_ELF"/>
        <file name="src/DSPF_sp_maxidx//c66//DSPF_sp_maxidx_66_LE_COFF"/>
        <file name="src/DSPF_sp_maxidx/DSPF_sp_maxidx.h"/>
        <file name="src/DSPF_sp_maxidx//c66/DSPF_sp_maxidx.h"/>
        <file name="src/DSPF_sp_maxidx//c66/DSPF_sp_maxidx_cn.h"/>
        <file name="src/DSPF_sp_maxidx//c66/DSPF_sp_maxidx_d.c"/>
        <file name="src/DSPF_sp_maxidx//c66//DSPF_sp_maxidx_66_BE_COFF"/>
        <file name="src/DSPF_sp_maxidx//c66//DSPF_sp_maxidx_66_LE_ELF"/>
        <file name="src/DSPF_sp_maxidx//c66//DSPF_sp_maxidx_66_BE_ELF"/>
        <file name="src/DSPF_sp_maxval//c66//DSPF_sp_maxval_66_LE_COFF"/>
        <file name="src/DSPF_sp_maxval/DSPF_sp_maxval.h"/>
        <file name="src/DSPF_sp_maxval//c66/DSPF_sp_maxval.h"/>
        <file name="src/DSPF_sp_maxval//c66/DSPF_sp_maxval_cn.h"/>
        <file name="src/DSPF_sp_maxval//c66/DSPF_sp_maxval_d.c"/>
        <file name="src/DSPF_sp_maxval//c66//DSPF_sp_maxval_66_BE_COFF"/>
        <file name="src/DSPF_sp_maxval//c66//DSPF_sp_maxval_66_LE_ELF"/>
        <file name="src/DSPF_sp_maxval//c66//DSPF_sp_maxval_66_BE_ELF"/>
        <file name="src/DSPF_sp_minerr//c66//DSPF_sp_minerr_66_LE_COFF"/>
        <file name="src/DSPF_sp_minerr/DSPF_sp_minerr.h"/>
        <file name="src/DSPF_sp_minerr//c66/DSPF_sp_minerr.h"/>
        <file name="src/DSPF_sp_minerr//c66/DSPF_sp_minerr_cn.h"/>
        <file name="src/DSPF_sp_minerr//c66/DSPF_sp_minerr_d.c"/>
        <file name="src/DSPF_sp_minerr//c66//DSPF_sp_minerr_66_BE_COFF"/>
        <file name="src/DSPF_sp_minerr//c66//DSPF_sp_minerr_66_LE_ELF"/>
        <file name="src/DSPF_sp_minerr//c66//DSPF_sp_minerr_66_BE_ELF"/>
        <file name="src/DSPF_sp_minval//c66//DSPF_sp_minval_66_LE_COFF"/>
        <file name="src/DSPF_sp_minval/DSPF_sp_minval.h"/>
        <file name="src/DSPF_sp_minval//c66/DSPF_sp_minval.h"/>
        <file name="src/DSPF_sp_minval//c66/DSPF_sp_minval_cn.h"/>
        <file name="src/DSPF_sp_minval//c66/DSPF_sp_minval_d.c"/>
        <file name="src/DSPF_sp_minval//c66//DSPF_sp_minval_66_BE_COFF"/>
        <file name="src/DSPF_sp_minval//c66//DSPF_sp_minval_66_LE_ELF"/>
        <file name="src/DSPF_sp_minval//c66//DSPF_sp_minval_66_BE_ELF"/>
        <file name="src/DSPF_sp_nrand//c66//DSPF_sp_nrand_66_LE_COFF"/>
        <file name="src/DSPF_sp_nrand//c66/lnk.cmd"/>
        <file name="src/DSPF_sp_nrand/DSPF_sp_nrand.h"/>
        <file name="src/DSPF_sp_nrand//c66/DSPF_sp_nrand.h"/>
        <file name="src/DSPF_sp_nrand//c66/DSPF_sp_nrand_cn.h"/>
        <file name="src/DSPF_sp_nrand//c66/DSPF_sp_nrand_d.c"/>
        <file name="src/DSPF_sp_nrand//c66//DSPF_sp_nrand_66_BE_COFF"/>
        <file name="src/DSPF_sp_nrand//c66//DSPF_sp_nrand_66_LE_ELF"/>
        <file name="src/DSPF_sp_nrand//c66//DSPF_sp_nrand_66_BE_ELF"/>
        <file name="src/DSPF_sp_qrd//c66//DSPF_sp_qrd_66_LE_COFF"/>
        <file name="src/DSPF_sp_qrd//c66/lnk.cmd"/>
        <file name="src/DSPF_sp_qrd/DSPF_sp_qrd.h"/>
        <file name="src/DSPF_sp_qrd//c66/DSPF_sp_qrd.h"/>
        <file name="src/DSPF_sp_qrd//c66/DSPF_sp_qrd_cn.h"/>
        <file name="src/DSPF_sp_qrd//c66/DSPF_sp_qrd_d.c"/>
        <file name="src/DSPF_sp_qrd//c66//DSPF_sp_qrd_66_BE_COFF"/>
        <file name="src/DSPF_sp_qrd//c66//DSPF_sp_qrd_66_LE_ELF"/>
        <file name="src/DSPF_sp_qrd//c66//DSPF_sp_qrd_66_BE_ELF"/>
        <file name="src/DSPF_sp_qrd_cmplx//c66//DSPF_sp_qrd_cmplx_66_LE_COFF"/>
        <file name="src/DSPF_sp_qrd_cmplx//c66/lnk.cmd"/>
        <file name="src/DSPF_sp_qrd_cmplx/DSPF_sp_qrd_cmplx.h"/>
        <file name="src/DSPF_sp_qrd_cmplx//c66/DSPF_sp_qrd_cmplx.h"/>
        <file name="src/DSPF_sp_qrd_cmplx//c66/DSPF_sp_qrd_cmplx_cn.h"/>
        <file name="src/DSPF_sp_qrd_cmplx//c66/DSPF_sp_qrd_cmplx_d.c"/>
        <file name="src/DSPF_sp_qrd_cmplx//c66//DSPF_sp_qrd_cmplx_66_BE_COFF"/>
        <file name="src/DSPF_sp_qrd_cmplx//c66//DSPF_sp_qrd_cmplx_66_LE_ELF"/>
        <file name="src/DSPF_sp_qrd_cmplx//c66//DSPF_sp_qrd_cmplx_66_BE_ELF"/>
        <file name="src/DSPF_sp_svd//c66//DSPF_sp_svd_66_LE_COFF"/>
        <file name="src/DSPF_sp_svd//c66/lnk.cmd"/>
        <file name="src/DSPF_sp_svd/DSPF_sp_svd.h"/>
        <file name="src/DSPF_sp_svd//c66/DSPF_sp_svd.h"/>
        <file name="src/DSPF_sp_svd//c66/DSPF_sp_svd_cn.h"/>
        <file name="src/DSPF_sp_svd//c66/DSPF_sp_svd_d.c"/>
        <file name="src/DSPF_sp_svd//c66//DSPF_sp_svd_66_BE_COFF"/>
        <file name="src/DSPF_sp_svd//c66//DSPF_sp_svd_66_LE_ELF"/>
        <file name="src/DSPF_sp_svd//c66//DSPF_sp_svd_66_BE_ELF"/>
        <file name="src/DSPF_sp_svd_cmplx//c66//DSPF_sp_svd_cmplx_66_LE_COFF"/>
        <file name="src/DSPF_sp_svd_cmplx//c66/lnk.cmd"/>
        <file name="src/DSPF_sp_svd_cmplx/DSPF_sp_svd_cmplx.h"/>
        <file name="src/DSPF_sp_svd_cmplx//c66/DSPF_sp_svd_cmplx.h"/>
        <file name="src/DSPF_sp_svd_cmplx//c66/DSPF_sp_svd_cmplx_cn.h"/>
        <file name="src/DSPF_sp_svd_cmplx//c66/DSPF_sp_svd_cmplx_d.c"/>
        <file name="src/DSPF_sp_svd_cmplx//c66//DSPF_sp_svd_cmplx_66_BE_COFF"/>
        <file name="src/DSPF_sp_svd_cmplx//c66//DSPF_sp_svd_cmplx_66_LE_ELF"/>
        <file name="src/DSPF_sp_svd_cmplx//c66//DSPF_sp_svd_cmplx_66_BE_ELF"/>
        <file name="src/DSPF_sp_urand//c66//DSPF_sp_urand_66_LE_COFF"/>
        <file name="src/DSPF_sp_urand//c66/lnk.cmd"/>
        <file name="src/DSPF_sp_urand/DSPF_sp_urand.h"/>
        <file name="src/DSPF_sp_urand//c66/DSPF_sp_urand.h"/>
        <file name="src/DSPF_sp_urand//c66/DSPF_sp_urand_cn.h"/>
        <file name="src/DSPF_sp_urand//c66/DSPF_sp_urand_d.c"/>
        <file name="src/DSPF_sp_urand//c66//DSPF_sp_urand_66_BE_COFF"/>
        <file name="src/DSPF_sp_urand//c66//DSPF_sp_urand_66_LE_ELF"/>
        <file name="src/DSPF_sp_urand//c66//DSPF_sp_urand_66_BE_ELF"/>
        <file name="src/DSPF_sp_vecadd//c66//DSPF_sp_vecadd_66_LE_COFF"/>
        <file name="src/DSPF_sp_vecadd/DSPF_sp_vecadd.h"/>
        <file name="src/DSPF_sp_vecadd//c66/DSPF_sp_vecadd.h"/>
        <file name="src/DSPF_sp_vecadd//c66/DSPF_sp_vecadd_cn.h"/>
        <file name="src/DSPF_sp_vecadd//c66/DSPF_sp_vecadd_d.c"/>
        <file name="src/DSPF_sp_vecadd//c66//DSPF_sp_vecadd_66_BE_COFF"/>
        <file name="src/DSPF_sp_vecadd//c66//DSPF_sp_vecadd_66_LE_ELF"/>
        <file name="src/DSPF_sp_vecadd//c66//DSPF_sp_vecadd_66_BE_ELF"/>
        <file name="src/DSPF_sp_vecmul//c66//DSPF_sp_vecmul_66_LE_COFF"/>
        <file name="src/DSPF_sp_vecmul/DSPF_sp_vecmul.h"/>
        <file name="src/DSPF_sp_vecmul//c66/DSPF_sp_vecmul.h"/>
        <file name="src/DSPF_sp_vecmul//c66/DSPF_sp_vecmul_cn.h"/>
        <file name="src/DSPF_sp_vecmul//c66/DSPF_sp_vecmul_d.c"/>
        <file name="src/DSPF_sp_vecmul//c66//DSPF_sp_vecmul_66_BE_COFF"/>
        <file name="src/DSPF_sp_vecmul//c66//DSPF_sp_vecmul_66_LE_ELF"/>
        <file name="src/DSPF_sp_vecmul//c66//DSPF_sp_vecmul_66_BE_ELF"/>
        <file name="src/DSPF_sp_vecrecip//c66//DSPF_sp_vecrecip_66_LE_COFF"/>
        <file name="src/DSPF_sp_vecrecip/DSPF_sp_vecrecip.h"/>
        <file name="src/DSPF_sp_vecrecip//c66/DSPF_sp_vecrecip.h"/>
        <file name="src/DSPF_sp_vecrecip//c66/DSPF_sp_vecrecip_cn.h"/>
        <file name="src/DSPF_sp_vecrecip//c66/DSPF_sp_vecrecip_d.c"/>
        <file name="src/DSPF_sp_vecrecip//c66//DSPF_sp_vecrecip_66_BE_COFF"/>
        <file name="src/DSPF_sp_vecrecip//c66//DSPF_sp_vecrecip_66_LE_ELF"/>
        <file name="src/DSPF_sp_vecrecip//c66//DSPF_sp_vecrecip_66_BE_ELF"/>
        <file name="src/DSPF_sp_vecsum_sq//c66//DSPF_sp_vecsum_sq_66_LE_COFF"/>
        <file name="src/DSPF_sp_vecsum_sq/DSPF_sp_vecsum_sq.h"/>
        <file name="src/DSPF_sp_vecsum_sq//c66/DSPF_sp_vecsum_sq.h"/>
        <file name="src/DSPF_sp_vecsum_sq//c66/DSPF_sp_vecsum_sq_cn.h"/>
        <file name="src/DSPF_sp_vecsum_sq//c66/DSPF_sp_vecsum_sq_d.c"/>
        <file name="src/DSPF_sp_vecsum_sq//c66//DSPF_sp_vecsum_sq_66_BE_COFF"/>
        <file name="src/DSPF_sp_vecsum_sq//c66//DSPF_sp_vecsum_sq_66_LE_ELF"/>
        <file name="src/DSPF_sp_vecsum_sq//c66//DSPF_sp_vecsum_sq_66_BE_ELF"/>
        <file name="src/DSPF_sp_w_vec//c66//DSPF_sp_w_vec_66_LE_COFF"/>
        <file name="src/DSPF_sp_w_vec/DSPF_sp_w_vec.h"/>
        <file name="src/DSPF_sp_w_vec//c66/DSPF_sp_w_vec.h"/>
        <file name="src/DSPF_sp_w_vec//c66/DSPF_sp_w_vec_cn.h"/>
        <file name="src/DSPF_sp_w_vec//c66/DSPF_sp_w_vec_d.c"/>
        <file name="src/DSPF_sp_w_vec//c66//DSPF_sp_w_vec_66_BE_COFF"/>
        <file name="src/DSPF_sp_w_vec//c66//DSPF_sp_w_vec_66_LE_ELF"/>
        <file name="src/DSPF_sp_w_vec//c66//DSPF_sp_w_vec_66_BE_ELF"/>
        <file name="src/DSP_add16//c66//DSP_add16_66_LE_COFF"/>
        <file name="src/DSP_add16/DSP_add16.h"/>
        <file name="src/DSP_add16//c66/DSP_add16.h"/>
        <file name="src/DSP_add16//c66/DSP_add16_cn.h"/>
        <file name="src/DSP_add16//c66/DSP_add16_d.c"/>
        <file name="src/DSP_add16//c66//DSP_add16_66_BE_COFF"/>
        <file name="src/DSP_add16//c66//DSP_add16_66_LE_ELF"/>
        <file name="src/DSP_add16//c66//DSP_add16_66_BE_ELF"/>
        <file name="src/DSP_add32//c66//DSP_add32_66_LE_COFF"/>
        <file name="src/DSP_add32/DSP_add32.h"/>
        <file name="src/DSP_add32//c66/DSP_add32.h"/>
        <file name="src/DSP_add32//c66/DSP_add32_cn.h"/>
        <file name="src/DSP_add32//c66/DSP_add32_d.c"/>
        <file name="src/DSP_add32//c66//DSP_add32_66_BE_COFF"/>
        <file name="src/DSP_add32//c66//DSP_add32_66_LE_ELF"/>
        <file name="src/DSP_add32//c66//DSP_add32_66_BE_ELF"/>
        <file name="src/DSP_autocor//c66//DSP_autocor_66_LE_COFF"/>
        <file name="src/DSP_autocor/DSP_autocor.h"/>
        <file name="src/DSP_autocor//c66/DSP_autocor.h"/>
        <file name="src/DSP_autocor//c66/DSP_autocor_cn.h"/>
        <file name="src/DSP_autocor//c66/DSP_autocor_d.c"/>
        <file name="src/DSP_autocor//c66//DSP_autocor_66_BE_COFF"/>
        <file name="src/DSP_autocor//c66//DSP_autocor_66_LE_ELF"/>
        <file name="src/DSP_autocor//c66//DSP_autocor_66_BE_ELF"/>
        <file name="src/DSP_bexp//c66//DSP_bexp_66_LE_COFF"/>
        <file name="src/DSP_bexp/DSP_bexp.h"/>
        <file name="src/DSP_bexp//c66/DSP_bexp.h"/>
        <file name="src/DSP_bexp//c66/DSP_bexp_cn.h"/>
        <file name="src/DSP_bexp//c66/DSP_bexp_d.c"/>
        <file name="src/DSP_bexp//c66//DSP_bexp_66_BE_COFF"/>
        <file name="src/DSP_bexp//c66//DSP_bexp_66_LE_ELF"/>
        <file name="src/DSP_bexp//c66//DSP_bexp_66_BE_ELF"/>
        <file name="src/DSP_blk_eswap16//c66//DSP_blk_eswap16_66_LE_COFF"/>
        <file name="src/DSP_blk_eswap16/DSP_blk_eswap16.h"/>
        <file name="src/DSP_blk_eswap16//c66/DSP_blk_eswap16.h"/>
        <file name="src/DSP_blk_eswap16//c66/DSP_blk_eswap16_cn.h"/>
        <file name="src/DSP_blk_eswap16//c66/DSP_blk_eswap16_d.c"/>
        <file name="src/DSP_blk_eswap16//c66//DSP_blk_eswap16_66_BE_COFF"/>
        <file name="src/DSP_blk_eswap16//c66//DSP_blk_eswap16_66_LE_ELF"/>
        <file name="src/DSP_blk_eswap16//c66//DSP_blk_eswap16_66_BE_ELF"/>
        <file name="src/DSP_blk_eswap32//c66//DSP_blk_eswap32_66_LE_COFF"/>
        <file name="src/DSP_blk_eswap32/DSP_blk_eswap32.h"/>
        <file name="src/DSP_blk_eswap32//c66/DSP_blk_eswap32.h"/>
        <file name="src/DSP_blk_eswap32//c66/DSP_blk_eswap32_cn.h"/>
        <file name="src/DSP_blk_eswap32//c66/DSP_blk_eswap32_d.c"/>
        <file name="src/DSP_blk_eswap32//c66//DSP_blk_eswap32_66_BE_COFF"/>
        <file name="src/DSP_blk_eswap32//c66//DSP_blk_eswap32_66_LE_ELF"/>
        <file name="src/DSP_blk_eswap32//c66//DSP_blk_eswap32_66_BE_ELF"/>
        <file name="src/DSP_blk_eswap64//c66//DSP_blk_eswap64_66_LE_COFF"/>
        <file name="src/DSP_blk_eswap64/DSP_blk_eswap64.h"/>
        <file name="src/DSP_blk_eswap64//c66/DSP_blk_eswap64.h"/>
        <file name="src/DSP_blk_eswap64//c66/DSP_blk_eswap64_cn.h"/>
        <file name="src/DSP_blk_eswap64//c66/DSP_blk_eswap64_d.c"/>
        <file name="src/DSP_blk_eswap64//c66//DSP_blk_eswap64_66_BE_COFF"/>
        <file name="src/DSP_blk_eswap64//c66//DSP_blk_eswap64_66_LE_ELF"/>
        <file name="src/DSP_blk_eswap64//c66//DSP_blk_eswap64_66_BE_ELF"/>
        <file name="src/DSP_blk_move//c66//DSP_blk_move_66_LE_COFF"/>
        <file name="src/DSP_blk_move/DSP_blk_move.h"/>
        <file name="src/DSP_blk_move//c66/DSP_blk_move.h"/>
        <file name="src/DSP_blk_move//c66/DSP_blk_move_cn.h"/>
        <file name="src/DSP_blk_move//c66/DSP_blk_move_d.c"/>
        <file name="src/DSP_blk_move//c66//DSP_blk_move_66_BE_COFF"/>
        <file name="src/DSP_blk_move//c66//DSP_blk_move_66_LE_ELF"/>
        <file name="src/DSP_blk_move//c66//DSP_blk_move_66_BE_ELF"/>
        <file name="src/DSP_dotprod//c66//DSP_dotprod_66_LE_COFF"/>
        <file name="src/DSP_dotprod/DSP_dotprod.h"/>
        <file name="src/DSP_dotprod//c66/DSP_dotprod.h"/>
        <file name="src/DSP_dotprod//c66/DSP_dotprod_cn.h"/>
        <file name="src/DSP_dotprod//c66/DSP_dotprod_d.c"/>
        <file name="src/DSP_dotprod//c66//DSP_dotprod_66_BE_COFF"/>
        <file name="src/DSP_dotprod//c66//DSP_dotprod_66_LE_ELF"/>
        <file name="src/DSP_dotprod//c66//DSP_dotprod_66_BE_ELF"/>
        <file name="src/DSP_dotp_sqr//c66//DSP_dotp_sqr_66_LE_COFF"/>
        <file name="src/DSP_dotp_sqr/DSP_dotp_sqr.h"/>
        <file name="src/DSP_dotp_sqr//c66/DSP_dotp_sqr.h"/>
        <file name="src/DSP_dotp_sqr//c66/DSP_dotp_sqr_cn.h"/>
        <file name="src/DSP_dotp_sqr//c66/DSP_dotp_sqr_d.c"/>
        <file name="src/DSP_dotp_sqr//c66//DSP_dotp_sqr_66_BE_COFF"/>
        <file name="src/DSP_dotp_sqr//c66//DSP_dotp_sqr_66_LE_ELF"/>
        <file name="src/DSP_dotp_sqr//c66//DSP_dotp_sqr_66_BE_ELF"/>
        <file name="src/DSP_fft16x16r//c66//DSP_fft16x16r_66_LE_COFF"/>
        <file name="src/DSP_fft16x16r/DSP_fft16x16r.h"/>
        <file name="src/DSP_fft16x16r//c66/DSP_fft16x16r.h"/>
        <file name="src/DSP_fft16x16r//c66/DSP_fft16x16r_cn.h"/>
        <file name="src/DSP_fft16x16r//c66/DSP_fft16x16r_d.c"/>
        <file name="src/DSP_fft16x16r//c66/gen_twiddle_fft16x16r.c"/>
        <file name="src/DSP_fft16x16r//c66/gen_twiddle_fft16x16r.h"/>
        <file name="src/DSP_fft16x16r//c66//DSP_fft16x16r_66_BE_COFF"/>
        <file name="src/DSP_fft16x16r//c66//DSP_fft16x16r_66_LE_ELF"/>
        <file name="src/DSP_fft16x16r//c66//DSP_fft16x16r_66_BE_ELF"/>
        <file name="src/DSP_fft16x16//c66//DSP_fft16x16_66_LE_COFF"/>
        <file name="src/DSP_fft16x16/DSP_fft16x16.h"/>
        <file name="src/DSP_fft16x16//c66/DSP_fft16x16.h"/>
        <file name="src/DSP_fft16x16//c66/DSP_fft16x16_cn.h"/>
        <file name="src/DSP_fft16x16//c66/DSP_fft16x16_d.c"/>
        <file name="src/DSP_fft16x16//c66/gen_twiddle_fft16x16.c"/>
        <file name="src/DSP_fft16x16//c66/gen_twiddle_fft16x16.h"/>
        <file name="src/DSP_fft16x16//c66//DSP_fft16x16_66_BE_COFF"/>
        <file name="src/DSP_fft16x16//c66//DSP_fft16x16_66_LE_ELF"/>
        <file name="src/DSP_fft16x16//c66//DSP_fft16x16_66_BE_ELF"/>
        <file name="src/DSP_fft16x16_imre//c66//DSP_fft16x16_imre_66_LE_COFF"/>
        <file name="src/DSP_fft16x16_imre/DSP_fft16x16_imre.h"/>
        <file name="src/DSP_fft16x16_imre//c66/DSP_fft16x16_imre.h"/>
        <file name="src/DSP_fft16x16_imre//c66/DSP_fft16x16_imre_cn.h"/>
        <file name="src/DSP_fft16x16_imre//c66/DSP_fft16x16_imre_d.c"/>
        <file name="src/DSP_fft16x16_imre//c66/gen_twiddle_fft16x16_imre.c"/>
        <file name="src/DSP_fft16x16_imre//c66/gen_twiddle_fft16x16_imre.h"/>
        <file name="src/DSP_fft16x16_imre//c66//DSP_fft16x16_imre_66_BE_COFF"/>
        <file name="src/DSP_fft16x16_imre//c66//DSP_fft16x16_imre_66_LE_ELF"/>
        <file name="src/DSP_fft16x16_imre//c66//DSP_fft16x16_imre_66_BE_ELF"/>
        <file name="src/DSP_fft16x32//c66//DSP_fft16x32_66_LE_COFF"/>
        <file name="src/DSP_fft16x32/DSP_fft16x32.h"/>
        <file name="src/DSP_fft16x32//c66/DSP_fft16x32.h"/>
        <file name="src/DSP_fft16x32//c66/DSP_fft16x32_cn.h"/>
        <file name="src/DSP_fft16x32//c66/DSP_fft16x32_d.c"/>
        <file name="src/DSP_fft16x32//c66/gen_twiddle_fft16x32.c"/>
        <file name="src/DSP_fft16x32//c66/gen_twiddle_fft16x32.h"/>
        <file name="src/DSP_fft16x32//c66//DSP_fft16x32_66_BE_COFF"/>
        <file name="src/DSP_fft16x32//c66//DSP_fft16x32_66_LE_ELF"/>
        <file name="src/DSP_fft16x32//c66//DSP_fft16x32_66_BE_ELF"/>
        <file name="src/DSP_fft32x32s//c66//DSP_fft32x32s_66_LE_COFF"/>
        <file name="src/DSP_fft32x32s/DSP_fft32x32s.h"/>
        <file name="src/DSP_fft32x32s//c66/DSP_fft32x32s.h"/>
        <file name="src/DSP_fft32x32s//c66/DSP_fft32x32s_cn.h"/>
        <file name="src/DSP_fft32x32s//c66/DSP_fft32x32s_d.c"/>
        <file name="src/DSP_fft32x32s//c66/gen_twiddle_fft32x32s.c"/>
        <file name="src/DSP_fft32x32s//c66/gen_twiddle_fft32x32s.h"/>
        <file name="src/DSP_fft32x32s//c66//DSP_fft32x32s_66_BE_COFF"/>
        <file name="src/DSP_fft32x32s//c66//DSP_fft32x32s_66_LE_ELF"/>
        <file name="src/DSP_fft32x32s//c66//DSP_fft32x32s_66_BE_ELF"/>
        <file name="src/DSP_fft32x32//c66//DSP_fft32x32_66_LE_COFF"/>
        <file name="src/DSP_fft32x32/DSP_fft32x32.h"/>
        <file name="src/DSP_fft32x32//c66/DSP_fft32x32.h"/>
        <file name="src/DSP_fft32x32//c66/DSP_fft32x32_cn.h"/>
        <file name="src/DSP_fft32x32//c66/DSP_fft32x32_d.c"/>
        <file name="src/DSP_fft32x32//c66/gen_twiddle_fft32x32.c"/>
        <file name="src/DSP_fft32x32//c66/gen_twiddle_fft32x32.h"/>
        <file name="src/DSP_fft32x32//c66//DSP_fft32x32_66_BE_COFF"/>
        <file name="src/DSP_fft32x32//c66//DSP_fft32x32_66_LE_ELF"/>
        <file name="src/DSP_fft32x32//c66//DSP_fft32x32_66_BE_ELF"/>
        <file name="src/DSP_firlms2//c66//DSP_firlms2_66_LE_COFF"/>
        <file name="src/DSP_firlms2/DSP_firlms2.h"/>
        <file name="src/DSP_firlms2//c66/DSP_firlms2.h"/>
        <file name="src/DSP_firlms2//c66/DSP_firlms2_cn.h"/>
        <file name="src/DSP_firlms2//c66/DSP_firlms2_d.c"/>
        <file name="src/DSP_firlms2//c66//DSP_firlms2_66_BE_COFF"/>
        <file name="src/DSP_firlms2//c66//DSP_firlms2_66_LE_ELF"/>
        <file name="src/DSP_firlms2//c66//DSP_firlms2_66_BE_ELF"/>
        <file name="src/DSP_fir_cplx//c66//DSP_fir_cplx_66_LE_COFF"/>
        <file name="src/DSP_fir_cplx/DSP_fir_cplx.h"/>
        <file name="src/DSP_fir_cplx//c66/DSP_fir_cplx.h"/>
        <file name="src/DSP_fir_cplx//c66/DSP_fir_cplx_cn.h"/>
        <file name="src/DSP_fir_cplx//c66/DSP_fir_cplx_d.c"/>
        <file name="src/DSP_fir_cplx//c66//DSP_fir_cplx_66_BE_COFF"/>
        <file name="src/DSP_fir_cplx//c66//DSP_fir_cplx_66_LE_ELF"/>
        <file name="src/DSP_fir_cplx//c66//DSP_fir_cplx_66_BE_ELF"/>
        <file name="src/DSP_fir_cplx_hM4X4//c66//DSP_fir_cplx_hM4X4_66_LE_COFF"/>
        <file name="src/DSP_fir_cplx_hM4X4/DSP_fir_cplx_hM4X4.h"/>
        <file name="src/DSP_fir_cplx_hM4X4//c66/DSP_fir_cplx_hM4X4.h"/>
        <file name="src/DSP_fir_cplx_hM4X4//c66/DSP_fir_cplx_hM4X4_cn.h"/>
        <file name="src/DSP_fir_cplx_hM4X4//c66/DSP_fir_cplx_hM4X4_d.c"/>
        <file name="src/DSP_fir_cplx_hM4X4//c66//DSP_fir_cplx_hM4X4_66_BE_COFF"/>
        <file name="src/DSP_fir_cplx_hM4X4//c66//DSP_fir_cplx_hM4X4_66_LE_ELF"/>
        <file name="src/DSP_fir_cplx_hM4X4//c66//DSP_fir_cplx_hM4X4_66_BE_ELF"/>
        <file name="src/DSP_fir_gen//c66//DSP_fir_gen_66_LE_COFF"/>
        <file name="src/DSP_fir_gen/DSP_fir_gen.h"/>
        <file name="src/DSP_fir_gen//c66/DSP_fir_gen.h"/>
        <file name="src/DSP_fir_gen//c66/DSP_fir_gen_cn.h"/>
        <file name="src/DSP_fir_gen//c66/DSP_fir_gen_d.c"/>
        <file name="src/DSP_fir_gen//c66//DSP_fir_gen_66_BE_COFF"/>
        <file name="src/DSP_fir_gen//c66//DSP_fir_gen_66_LE_ELF"/>
        <file name="src/DSP_fir_gen//c66//DSP_fir_gen_66_BE_ELF"/>
        <file name="src/DSP_fir_gen_hM17_rA8X8//c66//DSP_fir_gen_hM17_rA8X8_66_LE_COFF"/>
        <file name="src/DSP_fir_gen_hM17_rA8X8/DSP_fir_gen_hM17_rA8X8.h"/>
        <file name="src/DSP_fir_gen_hM17_rA8X8//c66/DSP_fir_gen_hM17_rA8X8.h"/>
        <file name="src/DSP_fir_gen_hM17_rA8X8//c66/DSP_fir_gen_hM17_rA8X8_cn.h"/>
        <file name="src/DSP_fir_gen_hM17_rA8X8//c66/DSP_fir_gen_hM17_rA8X8_d.c"/>
        <file name="src/DSP_fir_gen_hM17_rA8X8//c66//DSP_fir_gen_hM17_rA8X8_66_BE_COFF"/>
        <file name="src/DSP_fir_gen_hM17_rA8X8//c66//DSP_fir_gen_hM17_rA8X8_66_LE_ELF"/>
        <file name="src/DSP_fir_gen_hM17_rA8X8//c66//DSP_fir_gen_hM17_rA8X8_66_BE_ELF"/>
        <file name="src/DSP_fir_r4//c66//DSP_fir_r4_66_LE_COFF"/>
        <file name="src/DSP_fir_r4/DSP_fir_r4.h"/>
        <file name="src/DSP_fir_r4//c66/DSP_fir_r4.h"/>
        <file name="src/DSP_fir_r4//c66/DSP_fir_r4_cn.h"/>
        <file name="src/DSP_fir_r4//c66/DSP_fir_r4_d.c"/>
        <file name="src/DSP_fir_r4//c66//DSP_fir_r4_66_BE_COFF"/>
        <file name="src/DSP_fir_r4//c66//DSP_fir_r4_66_LE_ELF"/>
        <file name="src/DSP_fir_r4//c66//DSP_fir_r4_66_BE_ELF"/>
        <file name="src/DSP_fir_r8//c66//DSP_fir_r8_66_LE_COFF"/>
        <file name="src/DSP_fir_r8/DSP_fir_r8.h"/>
        <file name="src/DSP_fir_r8//c66/DSP_fir_r8.h"/>
        <file name="src/DSP_fir_r8//c66/DSP_fir_r8_cn.h"/>
        <file name="src/DSP_fir_r8//c66/DSP_fir_r8_d.c"/>
        <file name="src/DSP_fir_r8//c66//DSP_fir_r8_66_BE_COFF"/>
        <file name="src/DSP_fir_r8//c66//DSP_fir_r8_66_LE_ELF"/>
        <file name="src/DSP_fir_r8//c66//DSP_fir_r8_66_BE_ELF"/>
        <file name="src/DSP_fir_r8_h16//c66//DSP_fir_r8_h16_66_LE_COFF"/>
        <file name="src/DSP_fir_r8_h16/DSP_fir_r8_h16.h"/>
        <file name="src/DSP_fir_r8_h16//c66/DSP_fir_r8_h16.h"/>
        <file name="src/DSP_fir_r8_h16//c66/DSP_fir_r8_h16_cn.h"/>
        <file name="src/DSP_fir_r8_h16//c66/DSP_fir_r8_h16_d.c"/>
        <file name="src/DSP_fir_r8_h16//c66//DSP_fir_r8_h16_66_BE_COFF"/>
        <file name="src/DSP_fir_r8_h16//c66//DSP_fir_r8_h16_66_LE_ELF"/>
        <file name="src/DSP_fir_r8_h16//c66//DSP_fir_r8_h16_66_BE_ELF"/>
        <file name="src/DSP_fir_r8_h24//c66//DSP_fir_r8_h24_66_LE_COFF"/>
        <file name="src/DSP_fir_r8_h24/DSP_fir_r8_h24.h"/>
        <file name="src/DSP_fir_r8_h24//c66/DSP_fir_r8_h24.h"/>
        <file name="src/DSP_fir_r8_h24//c66/DSP_fir_r8_h24_cn.h"/>
        <file name="src/DSP_fir_r8_h24//c66/DSP_fir_r8_h24_d.c"/>
        <file name="src/DSP_fir_r8_h24//c66//DSP_fir_r8_h24_66_BE_COFF"/>
        <file name="src/DSP_fir_r8_h24//c66//DSP_fir_r8_h24_66_LE_ELF"/>
        <file name="src/DSP_fir_r8_h24//c66//DSP_fir_r8_h24_66_BE_ELF"/>
        <file name="src/DSP_fir_r8_h8//c66//DSP_fir_r8_h8_66_LE_COFF"/>
        <file name="src/DSP_fir_r8_h8/DSP_fir_r8_h8.h"/>
        <file name="src/DSP_fir_r8_h8//c66/DSP_fir_r8_h8.h"/>
        <file name="src/DSP_fir_r8_h8//c66/DSP_fir_r8_h8_cn.h"/>
        <file name="src/DSP_fir_r8_h8//c66/DSP_fir_r8_h8_d.c"/>
        <file name="src/DSP_fir_r8_h8//c66//DSP_fir_r8_h8_66_BE_COFF"/>
        <file name="src/DSP_fir_r8_h8//c66//DSP_fir_r8_h8_66_LE_ELF"/>
        <file name="src/DSP_fir_r8_h8//c66//DSP_fir_r8_h8_66_BE_ELF"/>
        <file name="src/DSP_fir_r8_hM16_rM8A8X8//c66//DSP_fir_r8_hM16_rM8A8X8_66_LE_COFF"/>
        <file name="src/DSP_fir_r8_hM16_rM8A8X8/DSP_fir_r8_hM16_rM8A8X8.h"/>
        <file name="src/DSP_fir_r8_hM16_rM8A8X8//c66/DSP_fir_r8_hM16_rM8A8X8.h"/>
        <file name="src/DSP_fir_r8_hM16_rM8A8X8//c66/DSP_fir_r8_hM16_rM8A8X8_cn.h"/>
        <file name="src/DSP_fir_r8_hM16_rM8A8X8//c66/DSP_fir_r8_hM16_rM8A8X8_d.c"/>
        <file name="src/DSP_fir_r8_hM16_rM8A8X8//c66//DSP_fir_r8_hM16_rM8A8X8_66_BE_COFF"/>
        <file name="src/DSP_fir_r8_hM16_rM8A8X8//c66//DSP_fir_r8_hM16_rM8A8X8_66_LE_ELF"/>
        <file name="src/DSP_fir_r8_hM16_rM8A8X8//c66//DSP_fir_r8_hM16_rM8A8X8_66_BE_ELF"/>
        <file name="src/DSP_fir_sym//c66//DSP_fir_sym_66_LE_COFF"/>
        <file name="src/DSP_fir_sym/DSP_fir_sym.h"/>
        <file name="src/DSP_fir_sym//c66/DSP_fir_sym.h"/>
        <file name="src/DSP_fir_sym//c66/DSP_fir_sym_cn.h"/>
        <file name="src/DSP_fir_sym//c66/DSP_fir_sym_d.c"/>
        <file name="src/DSP_fir_sym//c66//DSP_fir_sym_66_BE_COFF"/>
        <file name="src/DSP_fir_sym//c66//DSP_fir_sym_66_LE_ELF"/>
        <file name="src/DSP_fir_sym//c66//DSP_fir_sym_66_BE_ELF"/>
        <file name="src/DSP_fltoq15//c66//DSP_fltoq15_66_LE_COFF"/>
        <file name="src/DSP_fltoq15/DSP_fltoq15.h"/>
        <file name="src/DSP_fltoq15//c66/DSP_fltoq15.h"/>
        <file name="src/DSP_fltoq15//c66/DSP_fltoq15_cn.h"/>
        <file name="src/DSP_fltoq15//c66/DSP_fltoq15_d.c"/>
        <file name="src/DSP_fltoq15//c66//DSP_fltoq15_66_BE_COFF"/>
        <file name="src/DSP_fltoq15//c66//DSP_fltoq15_66_LE_ELF"/>
        <file name="src/DSP_fltoq15//c66//DSP_fltoq15_66_BE_ELF"/>
        <file name="src/DSP_ifft16x16//c66//DSP_ifft16x16_66_LE_COFF"/>
        <file name="src/DSP_ifft16x16/DSP_ifft16x16.h"/>
        <file name="src/DSP_ifft16x16//c66/DSP_ifft16x16.h"/>
        <file name="src/DSP_ifft16x16//c66/DSP_ifft16x16_cn.h"/>
        <file name="src/DSP_ifft16x16//c66/DSP_ifft16x16_d.c"/>
        <file name="src/DSP_ifft16x16//c66/gen_twiddle_ifft16x16.c"/>
        <file name="src/DSP_ifft16x16//c66/gen_twiddle_ifft16x16.h"/>
        <file name="src/DSP_ifft16x16//c66//DSP_ifft16x16_66_BE_COFF"/>
        <file name="src/DSP_ifft16x16//c66//DSP_ifft16x16_66_LE_ELF"/>
        <file name="src/DSP_ifft16x16//c66//DSP_ifft16x16_66_BE_ELF"/>
        <file name="src/DSP_ifft16x16_imre//c66//DSP_ifft16x16_imre_66_LE_COFF"/>
        <file name="src/DSP_ifft16x16_imre/DSP_ifft16x16_imre.h"/>
        <file name="src/DSP_ifft16x16_imre//c66/DSP_ifft16x16_imre.h"/>
        <file name="src/DSP_ifft16x16_imre//c66/DSP_ifft16x16_imre_cn.h"/>
        <file name="src/DSP_ifft16x16_imre//c66/DSP_ifft16x16_imre_d.c"/>
        <file name="src/DSP_ifft16x16_imre//c66/gen_twiddle_ifft16x16_imre.c"/>
        <file name="src/DSP_ifft16x16_imre//c66/gen_twiddle_ifft16x16_imre.h"/>
        <file name="src/DSP_ifft16x16_imre//c66//DSP_ifft16x16_imre_66_BE_COFF"/>
        <file name="src/DSP_ifft16x16_imre//c66//DSP_ifft16x16_imre_66_LE_ELF"/>
        <file name="src/DSP_ifft16x16_imre//c66//DSP_ifft16x16_imre_66_BE_ELF"/>
        <file name="src/DSP_ifft16x32//c66//DSP_ifft16x32_66_LE_COFF"/>
        <file name="src/DSP_ifft16x32/DSP_ifft16x32.h"/>
        <file name="src/DSP_ifft16x32//c66/DSP_ifft16x32.h"/>
        <file name="src/DSP_ifft16x32//c66/DSP_ifft16x32_cn.h"/>
        <file name="src/DSP_ifft16x32//c66/DSP_ifft16x32_d.c"/>
        <file name="src/DSP_ifft16x32//c66/gen_twiddle_ifft16x32.c"/>
        <file name="src/DSP_ifft16x32//c66/gen_twiddle_ifft16x32.h"/>
        <file name="src/DSP_ifft16x32//c66//DSP_ifft16x32_66_BE_COFF"/>
        <file name="src/DSP_ifft16x32//c66//DSP_ifft16x32_66_LE_ELF"/>
        <file name="src/DSP_ifft16x32//c66//DSP_ifft16x32_66_BE_ELF"/>
        <file name="src/DSP_ifft32x32//c66//DSP_ifft32x32_66_LE_COFF"/>
        <file name="src/DSP_ifft32x32/DSP_ifft32x32.h"/>
        <file name="src/DSP_ifft32x32//c66/DSP_ifft32x32.h"/>
        <file name="src/DSP_ifft32x32//c66/DSP_ifft32x32_cn.h"/>
        <file name="src/DSP_ifft32x32//c66/DSP_ifft32x32_d.c"/>
        <file name="src/DSP_ifft32x32//c66/gen_twiddle_ifft32x32.c"/>
        <file name="src/DSP_ifft32x32//c66/gen_twiddle_ifft32x32.h"/>
        <file name="src/DSP_ifft32x32//c66//DSP_ifft32x32_66_BE_COFF"/>
        <file name="src/DSP_ifft32x32//c66//DSP_ifft32x32_66_LE_ELF"/>
        <file name="src/DSP_ifft32x32//c66//DSP_ifft32x32_66_BE_ELF"/>
        <file name="src/DSP_iir//c66//DSP_iir_66_LE_COFF"/>
        <file name="src/DSP_iir/DSP_iir.h"/>
        <file name="src/DSP_iir//c66/DSP_iir.h"/>
        <file name="src/DSP_iir//c66/DSP_iir_cn.h"/>
        <file name="src/DSP_iir//c66/DSP_iir_d.c"/>
        <file name="src/DSP_iir//c66//DSP_iir_66_BE_COFF"/>
        <file name="src/DSP_iir//c66//DSP_iir_66_LE_ELF"/>
        <file name="src/DSP_iir//c66//DSP_iir_66_BE_ELF"/>
        <file name="src/DSP_iir_lat//c66//DSP_iir_lat_66_LE_COFF"/>
        <file name="src/DSP_iir_lat/DSP_iir_lat.h"/>
        <file name="src/DSP_iir_lat//c66/DSP_iir_lat.h"/>
        <file name="src/DSP_iir_lat//c66/DSP_iir_lat_cn.h"/>
        <file name="src/DSP_iir_lat//c66/DSP_iir_lat_d.c"/>
        <file name="src/DSP_iir_lat//c66//DSP_iir_lat_66_BE_COFF"/>
        <file name="src/DSP_iir_lat//c66//DSP_iir_lat_66_LE_ELF"/>
        <file name="src/DSP_iir_lat//c66//DSP_iir_lat_66_BE_ELF"/>
        <file name="src/DSP_iir_ss//c66//DSP_iir_ss_66_LE_COFF"/>
        <file name="src/DSP_iir_ss/DSP_iir_ss.h"/>
        <file name="src/DSP_iir_ss//c66/DSP_iir_ss.h"/>
        <file name="src/DSP_iir_ss//c66/DSP_iir_ss_cn.h"/>
        <file name="src/DSP_iir_ss//c66/DSP_iir_ss_d.c"/>
        <file name="src/DSP_iir_ss//c66//DSP_iir_ss_66_BE_COFF"/>
        <file name="src/DSP_iir_ss//c66//DSP_iir_ss_66_LE_ELF"/>
        <file name="src/DSP_iir_ss//c66//DSP_iir_ss_66_BE_ELF"/>
        <file name="src/DSP_mat_mul//c66//DSP_mat_mul_66_LE_COFF"/>
        <file name="src/DSP_mat_mul/DSP_mat_mul.h"/>
        <file name="src/DSP_mat_mul//c66/DSP_mat_mul.h"/>
        <file name="src/DSP_mat_mul//c66/DSP_mat_mul_cn.h"/>
        <file name="src/DSP_mat_mul//c66/DSP_mat_mul_d.c"/>
        <file name="src/DSP_mat_mul//c66//DSP_mat_mul_66_BE_COFF"/>
        <file name="src/DSP_mat_mul//c66//DSP_mat_mul_66_LE_ELF"/>
        <file name="src/DSP_mat_mul//c66//DSP_mat_mul_66_BE_ELF"/>
        <file name="src/DSP_mat_mul_cplx//c66//DSP_mat_mul_cplx_66_LE_COFF"/>
        <file name="src/DSP_mat_mul_cplx/DSP_mat_mul_cplx.h"/>
        <file name="src/DSP_mat_mul_cplx//c66/DSP_mat_mul_cplx.h"/>
        <file name="src/DSP_mat_mul_cplx//c66/DSP_mat_mul_cplx_cn.h"/>
        <file name="src/DSP_mat_mul_cplx//c66/DSP_mat_mul_cplx_d.c"/>
        <file name="src/DSP_mat_mul_cplx//c66//DSP_mat_mul_cplx_66_BE_COFF"/>
        <file name="src/DSP_mat_mul_cplx//c66//DSP_mat_mul_cplx_66_LE_ELF"/>
        <file name="src/DSP_mat_mul_cplx//c66//DSP_mat_mul_cplx_66_BE_ELF"/>
        <file name="src/DSP_mat_trans//c66//DSP_mat_trans_66_LE_COFF"/>
        <file name="src/DSP_mat_trans/DSP_mat_trans.h"/>
        <file name="src/DSP_mat_trans//c66/DSP_mat_trans.h"/>
        <file name="src/DSP_mat_trans//c66/DSP_mat_trans_cn.h"/>
        <file name="src/DSP_mat_trans//c66/DSP_mat_trans_d.c"/>
        <file name="src/DSP_mat_trans//c66//DSP_mat_trans_66_BE_COFF"/>
        <file name="src/DSP_mat_trans//c66//DSP_mat_trans_66_LE_ELF"/>
        <file name="src/DSP_mat_trans//c66//DSP_mat_trans_66_BE_ELF"/>
        <file name="src/DSP_maxidx//c66//DSP_maxidx_66_LE_COFF"/>
        <file name="src/DSP_maxidx/DSP_maxidx.h"/>
        <file name="src/DSP_maxidx//c66/DSP_maxidx.h"/>
        <file name="src/DSP_maxidx//c66/DSP_maxidx_cn.h"/>
        <file name="src/DSP_maxidx//c66/DSP_maxidx_d.c"/>
        <file name="src/DSP_maxidx//c66//DSP_maxidx_66_BE_COFF"/>
        <file name="src/DSP_maxidx//c66//DSP_maxidx_66_LE_ELF"/>
        <file name="src/DSP_maxidx//c66//DSP_maxidx_66_BE_ELF"/>
        <file name="src/DSP_maxval//c66//DSP_maxval_66_LE_COFF"/>
        <file name="src/DSP_maxval/DSP_maxval.h"/>
        <file name="src/DSP_maxval//c66/DSP_maxval.h"/>
        <file name="src/DSP_maxval//c66/DSP_maxval_cn.h"/>
        <file name="src/DSP_maxval//c66/DSP_maxval_d.c"/>
        <file name="src/DSP_maxval//c66//DSP_maxval_66_BE_COFF"/>
        <file name="src/DSP_maxval//c66//DSP_maxval_66_LE_ELF"/>
        <file name="src/DSP_maxval//c66//DSP_maxval_66_BE_ELF"/>
        <file name="src/DSP_minerror//c66//DSP_minerror_66_LE_COFF"/>
        <file name="src/DSP_minerror/DSP_minerror.h"/>
        <file name="src/DSP_minerror//c66/DSP_minerror.h"/>
        <file name="src/DSP_minerror//c66/DSP_minerror_cn.h"/>
        <file name="src/DSP_minerror//c66/DSP_minerror_d.c"/>
        <file name="src/DSP_minerror//c66//DSP_minerror_66_BE_COFF"/>
        <file name="src/DSP_minerror//c66//DSP_minerror_66_LE_ELF"/>
        <file name="src/DSP_minerror//c66//DSP_minerror_66_BE_ELF"/>
        <file name="src/DSP_minval//c66//DSP_minval_66_LE_COFF"/>
        <file name="src/DSP_minval/DSP_minval.h"/>
        <file name="src/DSP_minval//c66/DSP_minval.h"/>
        <file name="src/DSP_minval//c66/DSP_minval_cn.h"/>
        <file name="src/DSP_minval//c66/DSP_minval_d.c"/>
        <file name="src/DSP_minval//c66//DSP_minval_66_BE_COFF"/>
        <file name="src/DSP_minval//c66//DSP_minval_66_LE_ELF"/>
        <file name="src/DSP_minval//c66//DSP_minval_66_BE_ELF"/>
        <file name="src/DSP_mul32//c66//DSP_mul32_66_LE_COFF"/>
        <file name="src/DSP_mul32/DSP_mul32.h"/>
        <file name="src/DSP_mul32//c66/DSP_mul32.h"/>
        <file name="src/DSP_mul32//c66/DSP_mul32_cn.h"/>
        <file name="src/DSP_mul32//c66/DSP_mul32_d.c"/>
        <file name="src/DSP_mul32//c66//DSP_mul32_66_BE_COFF"/>
        <file name="src/DSP_mul32//c66//DSP_mul32_66_LE_ELF"/>
        <file name="src/DSP_mul32//c66//DSP_mul32_66_BE_ELF"/>
        <file name="src/DSP_neg32//c66//DSP_neg32_66_LE_COFF"/>
        <file name="src/DSP_neg32/DSP_neg32.h"/>
        <file name="src/DSP_neg32//c66/DSP_neg32.h"/>
        <file name="src/DSP_neg32//c66/DSP_neg32_cn.h"/>
        <file name="src/DSP_neg32//c66/DSP_neg32_d.c"/>
        <file name="src/DSP_neg32//c66//DSP_neg32_66_BE_COFF"/>
        <file name="src/DSP_neg32//c66//DSP_neg32_66_LE_ELF"/>
        <file name="src/DSP_neg32//c66//DSP_neg32_66_BE_ELF"/>
        <file name="src/DSP_q15tofl//c66//DSP_q15tofl_66_LE_COFF"/>
        <file name="src/DSP_q15tofl/DSP_q15tofl.h"/>
        <file name="src/DSP_q15tofl//c66/DSP_q15tofl.h"/>
        <file name="src/DSP_q15tofl//c66/DSP_q15tofl_cn.h"/>
        <file name="src/DSP_q15tofl//c66/DSP_q15tofl_d.c"/>
        <file name="src/DSP_q15tofl//c66//DSP_q15tofl_66_BE_COFF"/>
        <file name="src/DSP_q15tofl//c66//DSP_q15tofl_66_LE_ELF"/>
        <file name="src/DSP_q15tofl//c66//DSP_q15tofl_66_BE_ELF"/>
        <file name="src/DSP_recip16//c66//DSP_recip16_66_LE_COFF"/>
        <file name="src/DSP_recip16/DSP_recip16.h"/>
        <file name="src/DSP_recip16//c66/DSP_recip16.h"/>
        <file name="src/DSP_recip16//c66/DSP_recip16_cn.h"/>
        <file name="src/DSP_recip16//c66/DSP_recip16_d.c"/>
        <file name="src/DSP_recip16//c66//DSP_recip16_66_BE_COFF"/>
        <file name="src/DSP_recip16//c66//DSP_recip16_66_LE_ELF"/>
        <file name="src/DSP_recip16//c66//DSP_recip16_66_BE_ELF"/>
        <file name="src/DSP_urand16//c66//DSP_urand16_66_LE_COFF"/>
        <file name="src/DSP_urand16//c66/lnk.cmd"/>
        <file name="src/DSP_urand16/DSP_urand16.h"/>
        <file name="src/DSP_urand16//c66/DSP_urand16.h"/>
        <file name="src/DSP_urand16//c66/DSP_urand16_cn.h"/>
        <file name="src/DSP_urand16//c66/DSP_urand16_d.c"/>
        <file name="src/DSP_urand16//c66//DSP_urand16_66_BE_COFF"/>
        <file name="src/DSP_urand16//c66//DSP_urand16_66_LE_ELF"/>
        <file name="src/DSP_urand16//c66//DSP_urand16_66_BE_ELF"/>
        <file name="src/DSP_urand32//c66//DSP_urand32_66_LE_COFF"/>
        <file name="src/DSP_urand32//c66/lnk.cmd"/>
        <file name="src/DSP_urand32/DSP_urand32.h"/>
        <file name="src/DSP_urand32//c66/DSPF_sp_math_i.h"/>
        <file name="src/DSP_urand32//c66/DSP_urand32.h"/>
        <file name="src/DSP_urand32//c66/DSP_urand32_cn.h"/>
        <file name="src/DSP_urand32//c66/DSP_urand32_d.c"/>
        <file name="src/DSP_urand32//c66//DSP_urand32_66_BE_COFF"/>
        <file name="src/DSP_urand32//c66//DSP_urand32_66_LE_ELF"/>
        <file name="src/DSP_urand32//c66//DSP_urand32_66_BE_ELF"/>
        <file name="src/DSP_vecsumsq//c66//DSP_vecsumsq_66_LE_COFF"/>
        <file name="src/DSP_vecsumsq/DSP_vecsumsq.h"/>
        <file name="src/DSP_vecsumsq//c66/DSP_vecsumsq.h"/>
        <file name="src/DSP_vecsumsq//c66/DSP_vecsumsq_cn.h"/>
        <file name="src/DSP_vecsumsq//c66/DSP_vecsumsq_d.c"/>
        <file name="src/DSP_vecsumsq//c66//DSP_vecsumsq_66_BE_COFF"/>
        <file name="src/DSP_vecsumsq//c66//DSP_vecsumsq_66_LE_ELF"/>
        <file name="src/DSP_vecsumsq//c66//DSP_vecsumsq_66_BE_ELF"/>
        <file name="src/DSP_w_vec//c66//DSP_w_vec_66_LE_COFF"/>
        <file name="src/DSP_w_vec/DSP_w_vec.h"/>
        <file name="src/DSP_w_vec//c66/DSP_w_vec.h"/>
        <file name="src/DSP_w_vec//c66/DSP_w_vec_cn.h"/>
        <file name="src/DSP_w_vec//c66/DSP_w_vec_d.c"/>
        <file name="src/DSP_w_vec//c66//DSP_w_vec_66_BE_COFF"/>
        <file name="src/DSP_w_vec//c66//DSP_w_vec_66_LE_ELF"/>
        <file name="src/DSP_w_vec//c66//DSP_w_vec_66_BE_ELF"/>
        <file name="docs//doxygen//doxyfile.xdt"/>
        <file name=".//docs//doxygen//html//../DSPLIB.chm"/>
        <file name="./dsplib.h"/>
        <file name="./Version.h"/>
        <file name="docs/manifest/Software_Manifest.html"/>
        <file name="docs/bundle/manifest/doxyfile.xdt"/>
        <file name="docs/bundle/doxygen/doxyfile.xdt"/>
        <file name="docs/manifest/manifest.xml.xdt"/>
        <file name="setenv.bat"/>
        <file name="setxdcpath.js"/>
        <file name="dsplib.h"/>
        <file name="docs/relnotes_archive"/>
        <file name="package.bld"/>
        <file name="Makedocs.mk"/>
        <file name="docs//doxygen//doxygen.h"/>
        <file name="docs//doxygen//Doxyfile"/>
        <file name="package/package.xdc.inc"/>
        <file name="package/package.cfg.xdc.inc"/>
    </release>
    </releases>
    <repositories>
    </repositories>
</package>
