<?xml version="1.0" encoding="UTF-8"?>
<Project>
    <params>
        <name>DSP_fltoq15</name>
        <location>src/DSP_fltoq15//c66/</location>
        <target>66</target>
        <buildArtifact>executable</buildArtifact>
        <files name="src/common//c66/lnk.cmd"/>
        <files name="src/DSP_fltoq15/DSP_fltoq15.h"/>
        <files name="src/DSP_fltoq15//c66/DSP_fltoq15.h"/>
        <files name="src/DSP_fltoq15//c66/DSP_fltoq15_cn.h"/>
        <files name="src/DSP_fltoq15//c66/DSP_fltoq15_d.c"/>
        <cFlags> --mem_model:data=far</cFlags>
    </params>
</Project>
