<?xml version="1.0" encoding="UTF-8"?>
<Project>
    <params>
        <name>DSP_fir_r8_h24</name>
        <location>src/DSP_fir_r8_h24//c66/</location>
        <target>66</target>
        <buildArtifact>executable</buildArtifact>
        <files name="src/common//c66/lnk.cmd"/>
        <files name="src/DSP_fir_r8_h24/DSP_fir_r8_h24.h"/>
        <files name="src/DSP_fir_r8_h24//c66/DSP_fir_r8_h24.h"/>
        <files name="src/DSP_fir_r8_h24//c66/DSP_fir_r8_h24_cn.h"/>
        <files name="src/DSP_fir_r8_h24//c66/DSP_fir_r8_h24_d.c"/>
        <cFlags> --mem_model:data=far</cFlags>
    </params>
</Project>
