<?xml version="1.0" encoding="UTF-8"?>
<Project>
    <params>
        <name>DSP_maxidx</name>
        <location>src/DSP_maxidx//c66/</location>
        <target>66</target>
        <buildArtifact>executable</buildArtifact>
        <files name="src/common//c66/lnk.cmd"/>
        <files name="src/DSP_maxidx/DSP_maxidx.h"/>
        <files name="src/DSP_maxidx//c66/DSP_maxidx.h"/>
        <files name="src/DSP_maxidx//c66/DSP_maxidx_cn.h"/>
        <files name="src/DSP_maxidx//c66/DSP_maxidx_d.c"/>
        <cFlags> --mem_model:data=far</cFlags>
    </params>
</Project>
