<?xml version="1.0" encoding="UTF-8"?>
<Project>
    <params>
        <name>DSP_mul32</name>
        <location>src/DSP_mul32//c66/</location>
        <target>66</target>
        <buildArtifact>executable</buildArtifact>
        <files name="src/common//c66/lnk.cmd"/>
        <files name="src/DSP_mul32/DSP_mul32.h"/>
        <files name="src/DSP_mul32//c66/DSP_mul32.h"/>
        <files name="src/DSP_mul32//c66/DSP_mul32_cn.h"/>
        <files name="src/DSP_mul32//c66/DSP_mul32_d.c"/>
        <cFlags> --mem_model:data=far</cFlags>
    </params>
</Project>
