<?xml version="1.0" encoding="UTF-8"?>
<Project>
    <params>
        <name>DSP_fft16x16r</name>
        <location>src/DSP_fft16x16r//c66/</location>
        <target>66</target>
        <buildArtifact>executable</buildArtifact>
        <files name="src/common//c66/lnk.cmd"/>
        <files name="src/DSP_fft16x16r/DSP_fft16x16r.h"/>
        <files name="src/DSP_fft16x16r//c66/DSP_fft16x16r.h"/>
        <files name="src/DSP_fft16x16r//c66/DSP_fft16x16r_cn.h"/>
        <files name="src/DSP_fft16x16r//c66/DSP_fft16x16r_d.c"/>
        <files name="src/DSP_fft16x16r//c66/gen_twiddle_fft16x16r.c"/>
        <files name="src/DSP_fft16x16r//c66/gen_twiddle_fft16x16r.h"/>
        <cFlags> --mem_model:data=far</cFlags>
    </params>
</Project>
