<?xml version="1.0" encoding="UTF-8"?>
<Project>
    <params>
        <name>DSP_urand16</name>
        <location>src/DSP_urand16//c66/</location>
        <target>66</target>
        <buildArtifact>executable</buildArtifact>
        <files name="src/DSP_urand16//c66/lnk.cmd"/>
        <files name="src/DSP_urand16/DSP_urand16.h"/>
        <files name="src/DSP_urand16//c66/DSP_urand16.h"/>
        <files name="src/DSP_urand16//c66/DSP_urand16_cn.h"/>
        <files name="src/DSP_urand16//c66/DSP_urand16_d.c"/>
        <cFlags> --mem_model:data=far</cFlags>
    </params>
</Project>
