<?xml version="1.0" encoding="UTF-8"?>
<Project>
    <params>
        <name>DSP_vecsumsq</name>
        <location>src/DSP_vecsumsq//c66/</location>
        <target>66</target>
        <buildArtifact>executable</buildArtifact>
        <files name="src/common//c66/lnk.cmd"/>
        <files name="src/DSP_vecsumsq/DSP_vecsumsq.h"/>
        <files name="src/DSP_vecsumsq//c66/DSP_vecsumsq.h"/>
        <files name="src/DSP_vecsumsq//c66/DSP_vecsumsq_cn.h"/>
        <files name="src/DSP_vecsumsq//c66/DSP_vecsumsq_d.c"/>
        <cFlags> --mem_model:data=far</cFlags>
    </params>
</Project>
