<?xml version="1.0" encoding="UTF-8"?>
<Project>
    <params>
        <name>DSP_fft16x16</name>
        <location>src/DSP_fft16x16//c66/</location>
        <target>66</target>
        <buildArtifact>executable</buildArtifact>
        <files name="src/common//c66/lnk.cmd"/>
        <files name="src/DSP_fft16x16/DSP_fft16x16.h"/>
        <files name="src/DSP_fft16x16//c66/DSP_fft16x16.h"/>
        <files name="src/DSP_fft16x16//c66/DSP_fft16x16_cn.h"/>
        <files name="src/DSP_fft16x16//c66/DSP_fft16x16_d.c"/>
        <files name="src/DSP_fft16x16//c66/gen_twiddle_fft16x16.c"/>
        <files name="src/DSP_fft16x16//c66/gen_twiddle_fft16x16.h"/>
        <cFlags> --mem_model:data=far</cFlags>
    </params>
</Project>
