<?xml version="1.0" encoding="UTF-8"?>
<Project>
    <params>
        <name>DSP_ifft16x16_imre</name>
        <location>src/DSP_ifft16x16_imre//c66/</location>
        <target>66</target>
        <buildArtifact>executable</buildArtifact>
        <files name="src/common//c66/lnk.cmd"/>
        <files name="src/DSP_ifft16x16_imre/DSP_ifft16x16_imre.h"/>
        <files name="src/DSP_ifft16x16_imre//c66/DSP_ifft16x16_imre.h"/>
        <files name="src/DSP_ifft16x16_imre//c66/DSP_ifft16x16_imre_cn.h"/>
        <files name="src/DSP_ifft16x16_imre//c66/DSP_ifft16x16_imre_d.c"/>
        <files name="src/DSP_ifft16x16_imre//c66/gen_twiddle_ifft16x16_imre.c"/>
        <files name="src/DSP_ifft16x16_imre//c66/gen_twiddle_ifft16x16_imre.h"/>
        <cFlags> --mem_model:data=far</cFlags>
    </params>
</Project>
