<?xml version="1.0" encoding="UTF-8"?>
<Project>
    <params>
        <name>DSP_firlms2</name>
        <location>src/DSP_firlms2//c66/</location>
        <target>66</target>
        <buildArtifact>executable</buildArtifact>
        <files name="src/common//c66/lnk.cmd"/>
        <files name="src/DSP_firlms2/DSP_firlms2.h"/>
        <files name="src/DSP_firlms2//c66/DSP_firlms2.h"/>
        <files name="src/DSP_firlms2//c66/DSP_firlms2_cn.h"/>
        <files name="src/DSP_firlms2//c66/DSP_firlms2_d.c"/>
        <cFlags> --mem_model:data=far</cFlags>
    </params>
</Project>
