<?xml version="1.0" encoding="UTF-8"?>
<Project>
    <params>
        <name>DSP_mat_trans</name>
        <location>src/DSP_mat_trans//c66/</location>
        <target>66</target>
        <buildArtifact>executable</buildArtifact>
        <files name="src/common//c66/lnk.cmd"/>
        <files name="src/DSP_mat_trans/DSP_mat_trans.h"/>
        <files name="src/DSP_mat_trans//c66/DSP_mat_trans.h"/>
        <files name="src/DSP_mat_trans//c66/DSP_mat_trans_cn.h"/>
        <files name="src/DSP_mat_trans//c66/DSP_mat_trans_d.c"/>
        <cFlags> --mem_model:data=far</cFlags>
    </params>
</Project>
