<?xml version="1.0" encoding="UTF-8"?>
<Project>
    <params>
        <name>DSP_iir</name>
        <location>src/DSP_iir//c66/</location>
        <target>66</target>
        <buildArtifact>executable</buildArtifact>
        <files name="src/common//c66/lnk.cmd"/>
        <files name="src/DSP_iir/DSP_iir.h"/>
        <files name="src/DSP_iir//c66/DSP_iir.h"/>
        <files name="src/DSP_iir//c66/DSP_iir_cn.h"/>
        <files name="src/DSP_iir//c66/DSP_iir_d.c"/>
        <cFlags> --mem_model:data=far</cFlags>
    </params>
</Project>
