<?xml version="1.0" encoding="UTF-8"?>
<Project>
    <params>
        <name>DSP_minval</name>
        <location>src/DSP_minval//c66/</location>
        <target>66</target>
        <buildArtifact>executable</buildArtifact>
        <files name="src/common//c66/lnk.cmd"/>
        <files name="src/DSP_minval/DSP_minval.h"/>
        <files name="src/DSP_minval//c66/DSP_minval.h"/>
        <files name="src/DSP_minval//c66/DSP_minval_cn.h"/>
        <files name="src/DSP_minval//c66/DSP_minval_d.c"/>
        <cFlags> --mem_model:data=far</cFlags>
    </params>
</Project>
