<?xml version="1.0" encoding="UTF-8"?>
<Project>
    <params>
        <name>DSP_iir_ss</name>
        <location>src/DSP_iir_ss//c66/</location>
        <target>66</target>
        <buildArtifact>executable</buildArtifact>
        <files name="src/common//c66/lnk.cmd"/>
        <files name="src/DSP_iir_ss/DSP_iir_ss.h"/>
        <files name="src/DSP_iir_ss//c66/DSP_iir_ss.h"/>
        <files name="src/DSP_iir_ss//c66/DSP_iir_ss_cn.h"/>
        <files name="src/DSP_iir_ss//c66/DSP_iir_ss_d.c"/>
        <cFlags> --mem_model:data=far</cFlags>
    </params>
</Project>
