<?xml version="1.0" encoding="UTF-8"?>
<Project>
    <params>
        <name>DSP_neg32</name>
        <location>src/DSP_neg32//c66/</location>
        <target>66</target>
        <buildArtifact>executable</buildArtifact>
        <files name="src/common//c66/lnk.cmd"/>
        <files name="src/DSP_neg32/DSP_neg32.h"/>
        <files name="src/DSP_neg32//c66/DSP_neg32.h"/>
        <files name="src/DSP_neg32//c66/DSP_neg32_cn.h"/>
        <files name="src/DSP_neg32//c66/DSP_neg32_d.c"/>
        <cFlags> --mem_model:data=far</cFlags>
    </params>
</Project>
