<?xml version="1.0" encoding="UTF-8"?>
<Project>
    <params>
        <name>DSP_blk_eswap16</name>
        <location>src/DSP_blk_eswap16//c66/</location>
        <target>66</target>
        <buildArtifact>executable</buildArtifact>
        <files name="src/common//c66/lnk.cmd"/>
        <files name="src/DSP_blk_eswap16/DSP_blk_eswap16.h"/>
        <files name="src/DSP_blk_eswap16//c66/DSP_blk_eswap16.h"/>
        <files name="src/DSP_blk_eswap16//c66/DSP_blk_eswap16_cn.h"/>
        <files name="src/DSP_blk_eswap16//c66/DSP_blk_eswap16_d.c"/>
        <cFlags> --mem_model:data=far</cFlags>
    </params>
</Project>
