<?xml version="1.0" encoding="UTF-8"?>
<Project>
    <params>
        <name>DSP_q15tofl</name>
        <location>src/DSP_q15tofl//c66/</location>
        <target>66</target>
        <buildArtifact>executable</buildArtifact>
        <files name="src/common//c66/lnk.cmd"/>
        <files name="src/DSP_q15tofl/DSP_q15tofl.h"/>
        <files name="src/DSP_q15tofl//c66/DSP_q15tofl.h"/>
        <files name="src/DSP_q15tofl//c66/DSP_q15tofl_cn.h"/>
        <files name="src/DSP_q15tofl//c66/DSP_q15tofl_d.c"/>
        <cFlags> --mem_model:data=far</cFlags>
    </params>
</Project>
