<?xml version="1.0" encoding="UTF-8"?>
<Project>
    <params>
        <name>DSP_fir_r4</name>
        <location>src/DSP_fir_r4//c66/</location>
        <target>66</target>
        <buildArtifact>executable</buildArtifact>
        <files name="src/common//c66/lnk.cmd"/>
        <files name="src/DSP_fir_r4/DSP_fir_r4.h"/>
        <files name="src/DSP_fir_r4//c66/DSP_fir_r4.h"/>
        <files name="src/DSP_fir_r4//c66/DSP_fir_r4_cn.h"/>
        <files name="src/DSP_fir_r4//c66/DSP_fir_r4_d.c"/>
        <cFlags> --mem_model:data=far</cFlags>
    </params>
</Project>
