<?xml version="1.0" encoding="UTF-8"?>
<Project>
    <params>
        <name>DSP_fir_r8</name>
        <location>src/DSP_fir_r8//c66/</location>
        <target>66</target>
        <buildArtifact>executable</buildArtifact>
        <files name="src/common//c66/lnk.cmd"/>
        <files name="src/DSP_fir_r8/DSP_fir_r8.h"/>
        <files name="src/DSP_fir_r8//c66/DSP_fir_r8.h"/>
        <files name="src/DSP_fir_r8//c66/DSP_fir_r8_cn.h"/>
        <files name="src/DSP_fir_r8//c66/DSP_fir_r8_d.c"/>
        <cFlags> --mem_model:data=far</cFlags>
    </params>
</Project>
