<?xml version="1.0" encoding="UTF-8"?>
<Project>
    <params>
        <name>DSP_recip16</name>
        <location>src/DSP_recip16//c66/</location>
        <target>66</target>
        <buildArtifact>executable</buildArtifact>
        <files name="src/common//c66/lnk.cmd"/>
        <files name="src/DSP_recip16/DSP_recip16.h"/>
        <files name="src/DSP_recip16//c66/DSP_recip16.h"/>
        <files name="src/DSP_recip16//c66/DSP_recip16_cn.h"/>
        <files name="src/DSP_recip16//c66/DSP_recip16_d.c"/>
        <cFlags> --mem_model:data=far</cFlags>
    </params>
</Project>
