<?xml version="1.0" encoding="UTF-8"?>
<Project>
    <params>
        <name>DSP_minerror</name>
        <location>src/DSP_minerror//c66/</location>
        <target>66</target>
        <buildArtifact>executable</buildArtifact>
        <files name="src/common//c66/lnk.cmd"/>
        <files name="src/DSP_minerror/DSP_minerror.h"/>
        <files name="src/DSP_minerror//c66/DSP_minerror.h"/>
        <files name="src/DSP_minerror//c66/DSP_minerror_cn.h"/>
        <files name="src/DSP_minerror//c66/DSP_minerror_d.c"/>
        <cFlags> --mem_model:data=far</cFlags>
    </params>
</Project>
