<?xml version="1.0" encoding="UTF-8"?>
<Project>
    <params>
        <name>DSP_w_vec</name>
        <location>src/DSP_w_vec//c66/</location>
        <target>66</target>
        <buildArtifact>executable</buildArtifact>
        <files name="src/common//c66/lnk.cmd"/>
        <files name="src/DSP_w_vec/DSP_w_vec.h"/>
        <files name="src/DSP_w_vec//c66/DSP_w_vec.h"/>
        <files name="src/DSP_w_vec//c66/DSP_w_vec_cn.h"/>
        <files name="src/DSP_w_vec//c66/DSP_w_vec_d.c"/>
        <cFlags> --mem_model:data=far</cFlags>
    </params>
</Project>
