<?xml version="1.0" encoding="UTF-8"?>
<Project>
    <params>
        <name>DSP_fft16x32</name>
        <location>src/DSP_fft16x32//c66/</location>
        <target>66</target>
        <buildArtifact>executable</buildArtifact>
        <files name="src/common//c66/lnk.cmd"/>
        <files name="src/DSP_fft16x32/DSP_fft16x32.h"/>
        <files name="src/DSP_fft16x32//c66/DSP_fft16x32.h"/>
        <files name="src/DSP_fft16x32//c66/DSP_fft16x32_cn.h"/>
        <files name="src/DSP_fft16x32//c66/DSP_fft16x32_d.c"/>
        <files name="src/DSP_fft16x32//c66/gen_twiddle_fft16x32.c"/>
        <files name="src/DSP_fft16x32//c66/gen_twiddle_fft16x32.h"/>
        <cFlags> --mem_model:data=far</cFlags>
    </params>
</Project>
