<?xml version="1.0" encoding="UTF-8"?>
<Project>
    <params>
        <name>DSP_urand32</name>
        <location>src/DSP_urand32//c66/</location>
        <target>66</target>
        <buildArtifact>executable</buildArtifact>
        <files name="src/DSP_urand32//c66/lnk.cmd"/>
        <files name="src/DSP_urand32/DSP_urand32.h"/>
        <files name="src/DSP_urand32//c66/DSPF_sp_math_i.h"/>
        <files name="src/DSP_urand32//c66/DSP_urand32.h"/>
        <files name="src/DSP_urand32//c66/DSP_urand32_cn.h"/>
        <files name="src/DSP_urand32//c66/DSP_urand32_d.c"/>
        <cFlags> --mem_model:data=far</cFlags>
    </params>
</Project>
