<?xml version="1.0" encoding="UTF-8"?>
<Project>
    <params>
        <name>DSP_dotprod</name>
        <location>src/DSP_dotprod//c66/</location>
        <target>66</target>
        <buildArtifact>executable</buildArtifact>
        <files name="src/common//c66/lnk.cmd"/>
        <files name="src/DSP_dotprod/DSP_dotprod.h"/>
        <files name="src/DSP_dotprod//c66/DSP_dotprod.h"/>
        <files name="src/DSP_dotprod//c66/DSP_dotprod_cn.h"/>
        <files name="src/DSP_dotprod//c66/DSP_dotprod_d.c"/>
        <cFlags> --mem_model:data=far</cFlags>
    </params>
</Project>
