<?xml version="1.0" encoding="UTF-8"?>
<Project>
    <params>
        <name>DSP_fft32x32s</name>
        <location>src/DSP_fft32x32s//c66/</location>
        <target>66</target>
        <buildArtifact>executable</buildArtifact>
        <files name="src/common//c66/lnk.cmd"/>
        <files name="src/DSP_fft32x32s/DSP_fft32x32s.h"/>
        <files name="src/DSP_fft32x32s//c66/DSP_fft32x32s.h"/>
        <files name="src/DSP_fft32x32s//c66/DSP_fft32x32s_cn.h"/>
        <files name="src/DSP_fft32x32s//c66/DSP_fft32x32s_d.c"/>
        <files name="src/DSP_fft32x32s//c66/gen_twiddle_fft32x32s.c"/>
        <files name="src/DSP_fft32x32s//c66/gen_twiddle_fft32x32s.h"/>
        <cFlags> --mem_model:data=far</cFlags>
    </params>
</Project>
