<?xml version="1.0" encoding="UTF-8"?>
<Project>
    <params>
        <name>DSPF_dp_fftDPxDP</name>
        <location>src/DSPF_dp_fftDPxDP//c66/</location>
        <target>66</target>
        <buildArtifact>executable</buildArtifact>
        <files name="src/common//c66/lnk.cmd"/>
        <files name="src/DSPF_dp_fftDPxDP/DSPF_dp_fftDPxDP.h"/>
        <files name="src/DSPF_dp_fftDPxDP//c66/DSPF_dp_fftDPxDP.h"/>
        <files name="src/DSPF_dp_fftDPxDP//c66/DSPF_dp_fftDPxDP_cn.h"/>
        <files name="src/DSPF_dp_fftDPxDP//c66/DSPF_dp_fftDPxDP_d.c"/>
        <cFlags> --mem_model:data=far</cFlags>
    </params>
</Project>
