<?xml version="1.0" encoding="UTF-8"?>
<Project>
    <params>
        <name>DSPF_sp_vecsum_sq</name>
        <location>src/DSPF_sp_vecsum_sq//c66/</location>
        <target>66</target>
        <buildArtifact>executable</buildArtifact>
        <files name="src/common//c66/lnk.cmd"/>
        <files name="src/DSPF_sp_vecsum_sq/DSPF_sp_vecsum_sq.h"/>
        <files name="src/DSPF_sp_vecsum_sq//c66/DSPF_sp_vecsum_sq.h"/>
        <files name="src/DSPF_sp_vecsum_sq//c66/DSPF_sp_vecsum_sq_cn.h"/>
        <files name="src/DSPF_sp_vecsum_sq//c66/DSPF_sp_vecsum_sq_d.c"/>
        <cFlags> --mem_model:data=far</cFlags>
    </params>
</Project>
