<?xml version="1.0" encoding="UTF-8"?>
<Project>
    <params>
        <name>DSPF_sp_mat_submat_copy</name>
        <location>src/DSPF_sp_mat_submat_copy//c66/</location>
        <target>66</target>
        <buildArtifact>executable</buildArtifact>
        <files name="src/common//c66/lnk.cmd"/>
        <files name="src/DSPF_sp_mat_submat_copy/DSPF_sp_mat_submat_copy.h"/>
        <files name="src/DSPF_sp_mat_submat_copy//c66/DSPF_sp_mat_submat_copy.h"/>
        <files name="src/DSPF_sp_mat_submat_copy//c66/DSPF_sp_mat_submat_copy_cn.h"/>
        <files name="src/DSPF_sp_mat_submat_copy//c66/DSPF_sp_mat_submat_copy_d.c"/>
        <cFlags> --mem_model:data=far</cFlags>
    </params>
</Project>
