<?xml version="1.0" encoding="UTF-8"?>
<Project>
    <params>
        <name>DSPF_sp_iirlat</name>
        <location>src/DSPF_sp_iirlat//c66/</location>
        <target>66</target>
        <buildArtifact>executable</buildArtifact>
        <files name="src/common//c66/lnk.cmd"/>
        <files name="src/DSPF_sp_iirlat/DSPF_sp_iirlat.h"/>
        <files name="src/DSPF_sp_iirlat//c66/DSPF_sp_iirlat.h"/>
        <files name="src/DSPF_sp_iirlat//c66/DSPF_sp_iirlat_cn.h"/>
        <files name="src/DSPF_sp_iirlat//c66/DSPF_sp_iirlat_d.c"/>
        <cFlags> --mem_model:data=far</cFlags>
    </params>
</Project>
