<?xml version="1.0" encoding="UTF-8"?>
<Project>
    <params>
        <name>DSPF_sp_urand</name>
        <location>src/DSPF_sp_urand//c66/</location>
        <target>66</target>
        <buildArtifact>executable</buildArtifact>
        <files name="src/DSPF_sp_urand//c66/lnk.cmd"/>
        <files name="src/DSPF_sp_urand/DSPF_sp_urand.h"/>
        <files name="src/DSPF_sp_urand//c66/DSPF_sp_urand.h"/>
        <files name="src/DSPF_sp_urand//c66/DSPF_sp_urand_cn.h"/>
        <files name="src/DSPF_sp_urand//c66/DSPF_sp_urand_d.c"/>
        <cFlags> --mem_model:data=far</cFlags>
    </params>
</Project>
