<?xml version="1.0" encoding="UTF-8"?>
<Project>
    <params>
        <name>DSPF_sp_svd</name>
        <location>src/DSPF_sp_svd//c66/</location>
        <target>66</target>
        <buildArtifact>executable</buildArtifact>
        <files name="src/DSPF_sp_svd//c66/lnk.cmd"/>
        <files name="src/DSPF_sp_svd/DSPF_sp_svd.h"/>
        <files name="src/DSPF_sp_svd//c66/DSPF_sp_svd.h"/>
        <files name="src/DSPF_sp_svd//c66/DSPF_sp_svd_cn.h"/>
        <files name="src/DSPF_sp_svd//c66/DSPF_sp_svd_d.c"/>
        <cFlags> --mem_model:data=far</cFlags>
    </params>
</Project>
