<?xml version="1.0" encoding="UTF-8"?>
<Project>
    <params>
        <name>DSPF_sp_fftSPxSP</name>
        <location>src/DSPF_sp_fftSPxSP//c66/</location>
        <target>66</target>
        <buildArtifact>executable</buildArtifact>
        <files name="src/common//c66/lnk.cmd"/>
        <files name="src/DSPF_sp_fftSPxSP/DSPF_sp_fftSPxSP.h"/>
        <files name="src/DSPF_sp_fftSPxSP//c66/DSPF_sp_fftSPxSP.h"/>
        <files name="src/DSPF_sp_fftSPxSP//c66/DSPF_sp_fftSPxSP_cn.h"/>
        <files name="src/DSPF_sp_fftSPxSP//c66/DSPF_sp_fftSPxSP_d.c"/>
        <files name="src/DSPF_sp_fftSPxSP//c66/DSPF_sp_fftSPxSP_opt.c"/>
        <files name="src/DSPF_sp_fftSPxSP//c66/DSPF_sp_fftSPxSP_opt.h"/>
        <cFlags> --mem_model:data=far</cFlags>
    </params>
</Project>
