<?xml version="1.0" encoding="UTF-8"?>
<Project>
    <params>
        <name>DSPF_sp_minerr</name>
        <location>src/DSPF_sp_minerr//c66/</location>
        <target>66</target>
        <buildArtifact>executable</buildArtifact>
        <files name="src/common//c66/lnk.cmd"/>
        <files name="src/DSPF_sp_minerr/DSPF_sp_minerr.h"/>
        <files name="src/DSPF_sp_minerr//c66/DSPF_sp_minerr.h"/>
        <files name="src/DSPF_sp_minerr//c66/DSPF_sp_minerr_cn.h"/>
        <files name="src/DSPF_sp_minerr//c66/DSPF_sp_minerr_d.c"/>
        <cFlags> --mem_model:data=far</cFlags>
    </params>
</Project>
