<?xml version="1.0" encoding="UTF-8"?>
<Project>
    <params>
        <name>DSPF_sp_cholesky</name>
        <location>src/DSPF_sp_cholesky//c66/</location>
        <target>66</target>
        <buildArtifact>executable</buildArtifact>
        <files name="src/DSPF_sp_cholesky//c66/lnk.cmd"/>
        <files name="src/DSPF_sp_cholesky/DSPF_sp_cholesky.h"/>
        <files name="src/DSPF_sp_cholesky//c66/DSPF_sp_cholesky.h"/>
        <files name="src/DSPF_sp_cholesky//c66/DSPF_sp_cholesky_cn.h"/>
        <files name="src/DSPF_sp_cholesky//c66/DSPF_sp_cholesky_d.c"/>
        <cFlags> --mem_model:data=far</cFlags>
    </params>
</Project>
