<?xml version="1.0" encoding="UTF-8"?>
<Project>
    <params>
        <name>DSPF_sp_lud_inv</name>
        <location>src/DSPF_sp_lud_inv//c66/</location>
        <target>66</target>
        <buildArtifact>executable</buildArtifact>
        <files name="src/DSPF_sp_lud_inv//c66/lnk.cmd"/>
        <files name="src/DSPF_sp_lud_inv/DSPF_sp_lud_inv.h"/>
        <files name="src/DSPF_sp_lud_inv//c66/DSPF_sp_lud_inv.h"/>
        <files name="src/DSPF_sp_lud_inv//c66/DSPF_sp_lud_inv_cn.h"/>
        <files name="src/DSPF_sp_lud_inv//c66/DSPF_sp_lud_inv_d.c"/>
        <cFlags> --mem_model:data=far</cFlags>
    </params>
</Project>
