<?xml version="1.0" encoding="UTF-8"?>
<Project>
    <params>
        <name>DSPF_sp_fftSPxSP_r2c</name>
        <location>src/DSPF_sp_fftSPxSP_r2c//c66/</location>
        <target>66</target>
        <buildArtifact>executable</buildArtifact>
        <files name="src/common//c66/lnk.cmd"/>
        <files name="src/DSPF_sp_fftSPxSP_r2c/DSPF_sp_fftSPxSP_r2c.h"/>
        <files name="src/DSPF_sp_fftSPxSP_r2c//c66/DSPF_sp_fftSPxSP_r2c.h"/>
        <files name="src/DSPF_sp_fftSPxSP_r2c//c66/DSPF_sp_fftSPxSP_r2c_cn.h"/>
        <files name="src/DSPF_sp_fftSPxSP_r2c//c66/DSPF_sp_fftSPxSP_r2c_d.c"/>
        <cFlags> --mem_model:data=far</cFlags>
    </params>
</Project>
