<?xml version="1.0" encoding="UTF-8"?>
<Project>
    <params>
        <name>DSPF_dp_qrd</name>
        <location>src/DSPF_dp_qrd//c66/</location>
        <target>66</target>
        <buildArtifact>executable</buildArtifact>
        <files name="src/DSPF_dp_qrd//c66/lnk.cmd"/>
        <files name="src/DSPF_dp_qrd/DSPF_dp_qrd.h"/>
        <files name="src/DSPF_dp_qrd//c66/DSPF_dp_qrd.h"/>
        <files name="src/DSPF_dp_qrd//c66/DSPF_dp_qrd_cn.h"/>
        <files name="src/DSPF_dp_qrd//c66/DSPF_dp_qrd_d.c"/>
        <cFlags> --mem_model:data=far</cFlags>
    </params>
</Project>
