<?xml version="1.0" encoding="UTF-8"?>
<Project>
    <params>
        <name>DSPF_sp_erand</name>
        <location>src/DSPF_sp_erand//c66/</location>
        <target>66</target>
        <buildArtifact>executable</buildArtifact>
        <files name="src/DSPF_sp_erand//c66/lnk.cmd"/>
        <files name="src/DSPF_sp_erand/DSPF_sp_erand.h"/>
        <files name="src/DSPF_sp_erand//c66/DSPF_sp_erand.h"/>
        <files name="src/DSPF_sp_erand//c66/DSPF_sp_erand_cn.h"/>
        <files name="src/DSPF_sp_erand//c66/DSPF_sp_erand_d.c"/>
        <cFlags> --mem_model:data=far</cFlags>
    </params>
</Project>
