<?xml version="1.0" encoding="UTF-8"?>
<Project>
    <params>
        <name>DSPF_dp_mat_mul_gemm</name>
        <location>src/DSPF_dp_mat_mul_gemm//c66/</location>
        <target>66</target>
        <buildArtifact>executable</buildArtifact>
        <files name="src/common//c66/lnk.cmd"/>
        <files name="src/DSPF_dp_mat_mul_gemm/DSPF_dp_mat_mul_gemm.h"/>
        <files name="src/DSPF_dp_mat_mul_gemm//c66/DSPF_dp_mat_mul_gemm.h"/>
        <files name="src/DSPF_dp_mat_mul_gemm//c66/DSPF_dp_mat_mul_gemm_cn.h"/>
        <files name="src/DSPF_dp_mat_mul_gemm//c66/DSPF_dp_mat_mul_gemm_d.c"/>
        <cFlags> --mem_model:data=far</cFlags>
    </params>
</Project>
