<?xml version="1.0" encoding="UTF-8"?>
<Project>
    <params>
        <name>DSPF_sp_nrand</name>
        <location>src/DSPF_sp_nrand//c66/</location>
        <target>66</target>
        <buildArtifact>executable</buildArtifact>
        <files name="src/DSPF_sp_nrand//c66/lnk.cmd"/>
        <files name="src/DSPF_sp_nrand/DSPF_sp_nrand.h"/>
        <files name="src/DSPF_sp_nrand//c66/DSPF_sp_nrand.h"/>
        <files name="src/DSPF_sp_nrand//c66/DSPF_sp_nrand_cn.h"/>
        <files name="src/DSPF_sp_nrand//c66/DSPF_sp_nrand_d.c"/>
        <cFlags> --mem_model:data=far</cFlags>
    </params>
</Project>
