<?xml version="1.0" encoding="UTF-8"?>
<Project>
    <params>
        <name>DSPF_sp_qrd_cmplx</name>
        <location>src/DSPF_sp_qrd_cmplx//c66/</location>
        <target>66</target>
        <buildArtifact>executable</buildArtifact>
        <files name="src/DSPF_sp_qrd_cmplx//c66/lnk.cmd"/>
        <files name="src/DSPF_sp_qrd_cmplx/DSPF_sp_qrd_cmplx.h"/>
        <files name="src/DSPF_sp_qrd_cmplx//c66/DSPF_sp_qrd_cmplx.h"/>
        <files name="src/DSPF_sp_qrd_cmplx//c66/DSPF_sp_qrd_cmplx_cn.h"/>
        <files name="src/DSPF_sp_qrd_cmplx//c66/DSPF_sp_qrd_cmplx_d.c"/>
        <cFlags> --mem_model:data=far</cFlags>
    </params>
</Project>
