<?xml version="1.0" encoding="UTF-8"?>
<Project>
    <params>
        <name>DSPF_sp_maxidx</name>
        <location>src/DSPF_sp_maxidx//c66/</location>
        <target>66</target>
        <buildArtifact>executable</buildArtifact>
        <files name="src/common//c66/lnk.cmd"/>
        <files name="src/DSPF_sp_maxidx/DSPF_sp_maxidx.h"/>
        <files name="src/DSPF_sp_maxidx//c66/DSPF_sp_maxidx.h"/>
        <files name="src/DSPF_sp_maxidx//c66/DSPF_sp_maxidx_cn.h"/>
        <files name="src/DSPF_sp_maxidx//c66/DSPF_sp_maxidx_d.c"/>
        <cFlags> --mem_model:data=far</cFlags>
    </params>
</Project>
