<?xml version="1.0" encoding="UTF-8"?>
<Project>
    <params>
        <name>DSPF_sp_lud</name>
        <location>src/DSPF_sp_lud//c66/</location>
        <target>66</target>
        <buildArtifact>executable</buildArtifact>
        <files name="src/DSPF_sp_lud//c66/lnk.cmd"/>
        <files name="src/DSPF_sp_lud/DSPF_sp_lud.h"/>
        <files name="src/DSPF_sp_lud//c66/DSPF_sp_lud.h"/>
        <files name="src/DSPF_sp_lud//c66/DSPF_sp_lud_cn.h"/>
        <files name="src/DSPF_sp_lud//c66/DSPF_sp_lud_d.c"/>
        <cFlags> --mem_model:data=far</cFlags>
    </params>
</Project>
